,FECHA,TMAX,TMIN,T_AVE,NOMBRE
1823,2022-03-16,30.1,18.1,24.1,NUEVE DE JULIO
1459,2022-03-16,28.8,19.5,24.15,MORON AERO
1094,2022-03-16,28.9,15.0,21.95,EL PALOMAR AERO
729,2022-03-16,28.7,20.5,24.6,BUENOS AIRES OBSERVATORIO
364,2022-03-16,27.6,19.8,23.700000000000003,AEROPARQUE AERO
1822,2022-03-17,30.8,15.6,23.2,NUEVE DE JULIO
1458,2022-03-17,30.9,19.4,25.15,MORON AERO
1093,2022-03-17,31.2,17.8,24.5,EL PALOMAR AERO
728,2022-03-17,31.5,21.5,26.5,BUENOS AIRES OBSERVATORIO
363,2022-03-17,28.6,21.3,24.950000000000003,AEROPARQUE AERO
1821,2022-03-18,21.8,13.4,17.6,NUEVE DE JULIO
1457,2022-03-18,25.2,14.7,19.95,MORON AERO
1092,2022-03-18,23.0,14.5,18.75,EL PALOMAR AERO
727,2022-03-18,25.3,14.9,20.1,BUENOS AIRES OBSERVATORIO
362,2022-03-18,26.1,14.3,20.200000000000003,AEROPARQUE AERO
1820,2022-03-19,22.0,7.5,14.75,NUEVE DE JULIO
1456,2022-03-19,20.5,6.4,13.45,MORON AERO
1091,2022-03-19,20.6,5.0,12.8,EL PALOMAR AERO
726,2022-03-19,21.7,8.2,14.95,BUENOS AIRES OBSERVATORIO
361,2022-03-19,18.9,11.4,15.15,AEROPARQUE AERO
1819,2022-03-20,22.5,8.5,15.5,NUEVE DE JULIO
1455,2022-03-20,21.6,9.9,15.75,MORON AERO
1090,2022-03-20,21.4,7.2,14.3,EL PALOMAR AERO
725,2022-03-20,21.5,10.2,15.85,BUENOS AIRES OBSERVATORIO
360,2022-03-20,20.6,13.0,16.8,AEROPARQUE AERO
1818,2022-03-21,17.9,12.9,15.4,NUEVE DE JULIO
1454,2022-03-21,21.8,15.4,18.6,MORON AERO
1089,2022-03-21,22.0,15.5,18.75,EL PALOMAR AERO
724,2022-03-21,22.4,15.4,18.9,BUENOS AIRES OBSERVATORIO
359,2022-03-21,22.5,15.3,18.9,AEROPARQUE AERO
1817,2022-03-22,26.5,13.0,19.75,NUEVE DE JULIO
1453,2022-03-22,24.0,17.5,20.75,MORON AERO
1088,2022-03-22,24.4,17.8,21.1,EL PALOMAR AERO
723,2022-03-22,25.5,17.9,21.7,BUENOS AIRES OBSERVATORIO
358,2022-03-22,22.8,18.3,20.55,AEROPARQUE AERO
1816,2022-03-23,25.4,15.3,20.35,NUEVE DE JULIO
1452,2022-03-23,26.5,19.0,22.75,MORON AERO
1087,2022-03-23,27.0,18.0,22.5,EL PALOMAR AERO
722,2022-03-23,26.2,19.6,22.9,BUENOS AIRES OBSERVATORIO
357,2022-03-23,24.3,19.8,22.05,AEROPARQUE AERO
1815,2022-03-24,21.6,9.1,15.35,NUEVE DE JULIO
1451,2022-03-24,23.2,10.5,16.85,MORON AERO
1086,2022-03-24,24.0,10.5,17.25,EL PALOMAR AERO
721,2022-03-24,23.2,11.4,17.3,BUENOS AIRES OBSERVATORIO
356,2022-03-24,22.7,11.3,17.0,AEROPARQUE AERO
1814,2022-03-25,21.8,8.7,15.25,NUEVE DE JULIO
1450,2022-03-25,21.8,8.4,15.1,MORON AERO
1085,2022-03-25,21.9,9.0,15.45,EL PALOMAR AERO
720,2022-03-25,21.4,9.3,15.35,BUENOS AIRES OBSERVATORIO
355,2022-03-25,21.5,10.1,15.8,AEROPARQUE AERO
1813,2022-03-26,22.7,14.0,18.35,NUEVE DE JULIO
1449,2022-03-26,23.4,14.2,18.8,MORON AERO
1084,2022-03-26,24.0,15.5,19.75,EL PALOMAR AERO
719,2022-03-26,24.7,15.9,20.3,BUENOS AIRES OBSERVATORIO
354,2022-03-26,24.3,16.7,20.5,AEROPARQUE AERO
1812,2022-03-27,28.8,11.3,20.05,NUEVE DE JULIO
1448,2022-03-27,27.7,12.3,20.0,MORON AERO
1083,2022-03-27,28.0,8.7,18.35,EL PALOMAR AERO
718,2022-03-27,29.0,13.6,21.3,BUENOS AIRES OBSERVATORIO
353,2022-03-27,28.6,14.0,21.3,AEROPARQUE AERO
1811,2022-03-28,28.6,13.3,20.950000000000003,NUEVE DE JULIO
1447,2022-03-28,27.4,15.4,21.4,MORON AERO
1082,2022-03-28,28.0,10.2,19.1,EL PALOMAR AERO
717,2022-03-28,27.3,14.9,21.1,BUENOS AIRES OBSERVATORIO
352,2022-03-28,25.5,16.7,21.1,AEROPARQUE AERO
1810,2022-03-29,23.0,14.9,18.95,NUEVE DE JULIO
1446,2022-03-29,28.0,16.8,22.4,MORON AERO
1081,2022-03-29,28.5,18.0,23.25,EL PALOMAR AERO
716,2022-03-29,30.4,19.0,24.7,BUENOS AIRES OBSERVATORIO
351,2022-03-29,28.7,19.2,23.95,AEROPARQUE AERO
1809,2022-03-30,17.0,5.5,11.25,NUEVE DE JULIO
1445,2022-03-30,17.0,6.8,11.9,MORON AERO
1080,2022-03-30,18.2,7.0,12.6,EL PALOMAR AERO
715,2022-03-30,19.0,8.7,13.85,BUENOS AIRES OBSERVATORIO
350,2022-03-30,19.7,9.5,14.6,AEROPARQUE AERO
1808,2022-03-31,20.4,4.0,12.2,NUEVE DE JULIO
1444,2022-03-31,19.4,4.9,12.15,MORON AERO
1079,2022-03-31,19.5,2.5,11.0,EL PALOMAR AERO
714,2022-03-31,21.2,7.0,14.1,BUENOS AIRES OBSERVATORIO
349,2022-03-31,20.1,9.3,14.7,AEROPARQUE AERO
1807,2022-04-01,22.2,5.1,13.65,NUEVE DE JULIO
1443,2022-04-01,21.0,6.8,13.9,MORON AERO
1078,2022-04-01,21.2,3.0,12.1,EL PALOMAR AERO
713,2022-04-01,20.4,8.2,14.3,BUENOS AIRES OBSERVATORIO
348,2022-04-01,19.0,11.1,15.05,AEROPARQUE AERO
1806,2022-04-02,23.6,7.6,15.6,NUEVE DE JULIO
1442,2022-04-02,22.2,9.8,16.0,MORON AERO
1077,2022-04-02,22.0,6.0,14.0,EL PALOMAR AERO
712,2022-04-02,22.4,12.5,17.45,BUENOS AIRES OBSERVATORIO
347,2022-04-02,21.6,14.7,18.15,AEROPARQUE AERO
1805,2022-04-03,22.0,10.1,16.05,NUEVE DE JULIO
1441,2022-04-03,23.6,15.2,19.4,MORON AERO
1076,2022-04-03,23.5,15.0,19.25,EL PALOMAR AERO
711,2022-04-03,24.5,16.3,20.4,BUENOS AIRES OBSERVATORIO
346,2022-04-03,24.1,16.6,20.35,AEROPARQUE AERO
1804,2022-04-04,24.0,4.8,14.4,NUEVE DE JULIO
1440,2022-04-04,22.5,5.5,14.0,MORON AERO
1075,2022-04-04,22.5,3.2,12.85,EL PALOMAR AERO
710,2022-04-04,23.0,7.6,15.3,BUENOS AIRES OBSERVATORIO
345,2022-04-04,20.1,11.8,15.95,AEROPARQUE AERO
1803,2022-04-05,27.9,8.6,18.25,NUEVE DE JULIO
1439,2022-04-05,24.8,7.4,16.1,MORON AERO
1074,2022-04-05,25.0,3.5,14.25,EL PALOMAR AERO
709,2022-04-05,24.0,8.9,16.45,BUENOS AIRES OBSERVATORIO
344,2022-04-05,22.1,11.2,16.65,AEROPARQUE AERO
1802,2022-04-06,28.3,10.5,19.4,NUEVE DE JULIO
1438,2022-04-06,27.0,11.5,19.25,MORON AERO
1073,2022-04-06,27.5,7.5,17.5,EL PALOMAR AERO
708,2022-04-06,26.6,13.0,19.8,BUENOS AIRES OBSERVATORIO
343,2022-04-06,24.8,15.2,20.0,AEROPARQUE AERO
1801,2022-04-07,29.4,14.4,21.9,NUEVE DE JULIO
1437,2022-04-07,26.4,14.2,20.3,MORON AERO
1072,2022-04-07,26.5,11.5,19.0,EL PALOMAR AERO
707,2022-04-07,26.7,15.7,21.2,BUENOS AIRES OBSERVATORIO
342,2022-04-07,24.1,17.6,20.85,AEROPARQUE AERO
1800,2022-04-08,24.0,14.0,19.0,NUEVE DE JULIO
1436,2022-04-08,25.0,17.5,21.25,MORON AERO
1071,2022-04-08,25.0,17.6,21.3,EL PALOMAR AERO
706,2022-04-08,25.5,18.0,21.75,BUENOS AIRES OBSERVATORIO
341,2022-04-08,22.6,18.1,20.35,AEROPARQUE AERO
1799,2022-04-09,27.9,13.4,20.65,NUEVE DE JULIO
1435,2022-04-09,27.4,14.7,21.05,MORON AERO
1070,2022-04-09,26.5,12.4,19.45,EL PALOMAR AERO
705,2022-04-09,25.4,15.9,20.65,BUENOS AIRES OBSERVATORIO
340,2022-04-09,22.2,17.4,19.8,AEROPARQUE AERO
1798,2022-04-10,22.3,14.1,18.2,NUEVE DE JULIO
1434,2022-04-10,27.2,16.9,22.05,MORON AERO
1069,2022-04-10,27.2,15.0,21.1,EL PALOMAR AERO
704,2022-04-10,26.6,19.0,22.8,BUENOS AIRES OBSERVATORIO
339,2022-04-10,25.6,19.6,22.6,AEROPARQUE AERO
1797,2022-04-11,20.0,13.6,16.8,NUEVE DE JULIO
1433,2022-04-11,24.0,15.4,19.7,MORON AERO
1068,2022-04-11,24.0,16.0,20.0,EL PALOMAR AERO
703,2022-04-11,25.2,16.9,21.05,BUENOS AIRES OBSERVATORIO
338,2022-04-11,24.7,17.0,20.85,AEROPARQUE AERO
1796,2022-04-12,20.1,9.0,14.55,NUEVE DE JULIO
1432,2022-04-12,21.2,10.3,15.75,MORON AERO
1067,2022-04-12,21.5,7.5,14.5,EL PALOMAR AERO
702,2022-04-12,23.2,11.7,17.45,BUENOS AIRES OBSERVATORIO
337,2022-04-12,22.6,13.1,17.85,AEROPARQUE AERO
1795,2022-04-13,22.3,5.1,13.7,NUEVE DE JULIO
1431,2022-04-13,20.7,7.2,13.95,MORON AERO
1066,2022-04-13,20.5,5.7,13.1,EL PALOMAR AERO
701,2022-04-13,21.5,9.1,15.3,BUENOS AIRES OBSERVATORIO
336,2022-04-13,21.2,11.3,16.25,AEROPARQUE AERO
1794,2022-04-14,21.9,7.6,14.75,NUEVE DE JULIO
1430,2022-04-14,21.0,6.5,13.75,MORON AERO
1065,2022-04-14,21.1,5.4,13.25,EL PALOMAR AERO
700,2022-04-14,22.2,9.6,15.9,BUENOS AIRES OBSERVATORIO
335,2022-04-14,19.8,12.4,16.1,AEROPARQUE AERO
1793,2022-04-15,22.5,6.9,14.7,NUEVE DE JULIO
1429,2022-04-15,21.2,9.4,15.3,MORON AERO
1064,2022-04-15,19.5,6.5,13.0,EL PALOMAR AERO
699,2022-04-15,19.7,9.8,14.75,BUENOS AIRES OBSERVATORIO
334,2022-04-15,18.1,13.2,15.65,AEROPARQUE AERO
1792,2022-04-16,23.3,7.5,15.4,NUEVE DE JULIO
1428,2022-04-16,23.0,9.2,16.1,MORON AERO
1063,2022-04-16,23.7,7.2,15.45,EL PALOMAR AERO
698,2022-04-16,23.1,13.6,18.35,BUENOS AIRES OBSERVATORIO
333,2022-04-16,21.1,15.8,18.450000000000003,AEROPARQUE AERO
1791,2022-04-17,22.6,10.1,16.35,NUEVE DE JULIO
1427,2022-04-17,23.2,15.9,19.55,MORON AERO
1062,2022-04-17,22.1,12.4,17.25,EL PALOMAR AERO
697,2022-04-17,21.9,17.0,19.45,BUENOS AIRES OBSERVATORIO
332,2022-04-17,21.6,17.6,19.6,AEROPARQUE AERO
1790,2022-04-18,24.7,10.5,17.6,NUEVE DE JULIO
1426,2022-04-18,24.2,16.9,20.55,MORON AERO
1061,2022-04-18,23.6,14.2,18.9,EL PALOMAR AERO
696,2022-04-18,23.9,17.0,20.45,BUENOS AIRES OBSERVATORIO
331,2022-04-18,21.7,17.2,19.45,AEROPARQUE AERO
1789,2022-04-19,25.6,10.4,18.0,NUEVE DE JULIO
1425,2022-04-19,26.0,11.5,18.75,MORON AERO
1060,2022-04-19,26.0,9.5,17.75,EL PALOMAR AERO
695,2022-04-19,25.1,14.4,19.75,BUENOS AIRES OBSERVATORIO
330,2022-04-19,24.0,17.5,20.75,AEROPARQUE AERO
1788,2022-04-20,25.0,12.1,18.55,NUEVE DE JULIO
1424,2022-04-20,26.8,13.7,20.25,MORON AERO
1059,2022-04-20,26.5,9.2,17.85,EL PALOMAR AERO
694,2022-04-20,26.5,13.5,20.0,BUENOS AIRES OBSERVATORIO
329,2022-04-20,24.5,16.2,20.35,AEROPARQUE AERO
1787,2022-04-21,21.7,8.3,15.0,NUEVE DE JULIO
1423,2022-04-21,22.0,11.1,16.55,MORON AERO
1058,2022-04-21,22.0,12.0,17.0,EL PALOMAR AERO
693,2022-04-21,22.6,13.0,17.8,BUENOS AIRES OBSERVATORIO
328,2022-04-21,22.6,13.8,18.200000000000003,AEROPARQUE AERO
1786,2022-04-22,19.4,11.6,15.5,NUEVE DE JULIO
1422,2022-04-22,17.5,11.3,14.4,MORON AERO
1057,2022-04-22,17.2,11.0,14.1,EL PALOMAR AERO
692,2022-04-22,18.3,13.3,15.8,BUENOS AIRES OBSERVATORIO
327,2022-04-22,19.1,13.8,16.450000000000003,AEROPARQUE AERO
1785,2022-04-23,25.4,6.0,15.7,NUEVE DE JULIO
1421,2022-04-23,22.0,6.0,14.0,MORON AERO
1056,2022-04-23,21.8,2.0,11.9,EL PALOMAR AERO
691,2022-04-23,21.9,7.4,14.65,BUENOS AIRES OBSERVATORIO
326,2022-04-23,21.1,9.3,15.2,AEROPARQUE AERO
1784,2022-04-24,27.2,12.2,19.7,NUEVE DE JULIO
1420,2022-04-24,24.8,12.4,18.6,MORON AERO
1055,2022-04-24,25.2,12.0,18.6,EL PALOMAR AERO
690,2022-04-24,24.7,13.5,19.1,BUENOS AIRES OBSERVATORIO
325,2022-04-24,22.6,13.4,18.0,AEROPARQUE AERO
1783,2022-04-25,23.1,15.6,19.35,NUEVE DE JULIO
1419,2022-04-25,25.6,18.8,22.200000000000003,MORON AERO
1054,2022-04-25,25.5,19.2,22.35,EL PALOMAR AERO
689,2022-04-25,25.7,19.5,22.6,BUENOS AIRES OBSERVATORIO
324,2022-04-25,24.1,18.2,21.15,AEROPARQUE AERO
1782,2022-04-26,23.3,11.1,17.2,NUEVE DE JULIO
1418,2022-04-26,24.4,17.3,20.85,MORON AERO
1053,2022-04-26,24.8,18.0,21.4,EL PALOMAR AERO
688,2022-04-26,24.5,18.8,21.65,BUENOS AIRES OBSERVATORIO
323,2022-04-26,23.3,18.3,20.8,AEROPARQUE AERO
1781,2022-04-27,23.0,10.1,16.55,NUEVE DE JULIO
1417,2022-04-27,25.0,12.8,18.9,MORON AERO
1052,2022-04-27,25.7,11.1,18.4,EL PALOMAR AERO
687,2022-04-27,25.3,13.8,19.55,BUENOS AIRES OBSERVATORIO
322,2022-04-27,25.4,14.3,19.85,AEROPARQUE AERO
1780,2022-04-28,15.7,7.7,11.7,NUEVE DE JULIO
1416,2022-04-28,16.8,8.9,12.85,MORON AERO
1051,2022-04-28,17.0,7.5,12.25,EL PALOMAR AERO
686,2022-04-28,18.8,11.2,15.0,BUENOS AIRES OBSERVATORIO
321,2022-04-28,18.3,11.6,14.95,AEROPARQUE AERO
1779,2022-04-29,14.4,2.8,8.6,NUEVE DE JULIO
1415,2022-04-29,14.3,2.2,8.25,MORON AERO
1050,2022-04-29,14.9,0.3,7.6,EL PALOMAR AERO
685,2022-04-29,16.1,4.6,10.35,BUENOS AIRES OBSERVATORIO
320,2022-04-29,15.6,8.2,11.9,AEROPARQUE AERO
1778,2022-04-30,15.1,4.3,9.7,NUEVE DE JULIO
1414,2022-04-30,15.8,4.9,10.35,MORON AERO
1049,2022-04-30,16.0,3.0,9.5,EL PALOMAR AERO
684,2022-04-30,16.0,7.3,11.65,BUENOS AIRES OBSERVATORIO
319,2022-04-30,15.1,9.7,12.4,AEROPARQUE AERO
1777,2022-05-01,18.6,4.3,11.45,NUEVE DE JULIO
1413,2022-05-01,18.8,5.9,12.35,MORON AERO
1048,2022-05-01,19.0,3.4,11.2,EL PALOMAR AERO
683,2022-05-01,20.0,7.4,13.7,BUENOS AIRES OBSERVATORIO
318,2022-05-01,19.5,9.5,14.5,AEROPARQUE AERO
1776,2022-05-02,14.9,4.3,9.6,NUEVE DE JULIO
1412,2022-05-02,16.0,7.0,11.5,MORON AERO
1047,2022-05-02,16.4,5.5,10.95,EL PALOMAR AERO
682,2022-05-02,16.5,8.3,12.4,BUENOS AIRES OBSERVATORIO
317,2022-05-02,16.3,10.0,13.15,AEROPARQUE AERO
1775,2022-05-03,18.0,3.6,10.8,NUEVE DE JULIO
1411,2022-05-03,17.6,3.0,10.3,MORON AERO
1046,2022-05-03,18.1,2.3,10.2,EL PALOMAR AERO
681,2022-05-03,18.1,6.0,12.05,BUENOS AIRES OBSERVATORIO
316,2022-05-03,17.1,9.0,13.05,AEROPARQUE AERO
1774,2022-05-04,21.6,4.6,13.1,NUEVE DE JULIO
1410,2022-05-04,21.8,3.9,12.85,MORON AERO
1045,2022-05-04,21.0,1.0,11.0,EL PALOMAR AERO
680,2022-05-04,21.1,7.5,14.3,BUENOS AIRES OBSERVATORIO
315,2022-05-04,18.6,9.8,14.2,AEROPARQUE AERO
1773,2022-05-05,23.0,6.2,14.6,NUEVE DE JULIO
1409,2022-05-05,22.0,8.1,15.05,MORON AERO
1044,2022-05-05,22.4,3.0,12.7,EL PALOMAR AERO
679,2022-05-05,22.0,9.6,15.8,BUENOS AIRES OBSERVATORIO
314,2022-05-05,19.6,11.2,15.4,AEROPARQUE AERO
1772,2022-05-06,25.5,7.3,16.4,NUEVE DE JULIO
1408,2022-05-06,24.2,10.4,17.3,MORON AERO
1043,2022-05-06,24.9,6.0,15.45,EL PALOMAR AERO
678,2022-05-06,24.8,13.2,19.0,BUENOS AIRES OBSERVATORIO
313,2022-05-06,22.4,13.3,17.85,AEROPARQUE AERO
1771,2022-05-07,24.4,9.2,16.799999999999997,NUEVE DE JULIO
1407,2022-05-07,23.8,12.5,18.15,MORON AERO
1042,2022-05-07,24.6,7.5,16.05,EL PALOMAR AERO
677,2022-05-07,24.2,14.7,19.45,BUENOS AIRES OBSERVATORIO
312,2022-05-07,22.1,14.4,18.25,AEROPARQUE AERO
1770,2022-05-08,24.1,11.7,17.9,NUEVE DE JULIO
1406,2022-05-08,24.6,12.5,18.55,MORON AERO
1041,2022-05-08,24.5,10.0,17.25,EL PALOMAR AERO
676,2022-05-08,23.9,15.0,19.45,BUENOS AIRES OBSERVATORIO
311,2022-05-08,21.9,14.8,18.35,AEROPARQUE AERO
1769,2022-05-09,23.4,10.3,16.85,NUEVE DE JULIO
1405,2022-05-09,22.0,8.1,15.05,MORON AERO
1040,2022-05-09,22.0,5.3,13.65,EL PALOMAR AERO
675,2022-05-09,22.5,11.0,16.75,BUENOS AIRES OBSERVATORIO
310,2022-05-09,20.6,13.1,16.85,AEROPARQUE AERO
1768,2022-05-10,20.0,9.3,14.65,NUEVE DE JULIO
1404,2022-05-10,19.8,12.4,16.1,MORON AERO
1039,2022-05-10,20.5,10.5,15.5,EL PALOMAR AERO
674,2022-05-10,21.0,13.6,17.3,BUENOS AIRES OBSERVATORIO
309,2022-05-10,20.0,14.3,17.15,AEROPARQUE AERO
1767,2022-05-11,17.7,9.3,13.5,NUEVE DE JULIO
1403,2022-05-11,17.5,9.7,13.6,MORON AERO
1038,2022-05-11,17.2,8.8,13.0,EL PALOMAR AERO
673,2022-05-11,17.6,10.5,14.05,BUENOS AIRES OBSERVATORIO
308,2022-05-11,17.1,10.9,14.0,AEROPARQUE AERO
1766,2022-05-12,18.5,7.0,12.75,NUEVE DE JULIO
1402,2022-05-12,18.0,4.9,11.45,MORON AERO
1037,2022-05-12,17.5,3.5,10.5,EL PALOMAR AERO
672,2022-05-12,17.2,7.8,12.5,BUENOS AIRES OBSERVATORIO
307,2022-05-12,16.5,10.1,13.3,AEROPARQUE AERO
1765,2022-05-13,19.5,9.7,14.6,NUEVE DE JULIO
1401,2022-05-13,19.6,10.4,15.0,MORON AERO
1036,2022-05-13,20.0,7.8,13.9,EL PALOMAR AERO
671,2022-05-13,19.6,11.7,15.65,BUENOS AIRES OBSERVATORIO
306,2022-05-13,18.7,13.6,16.15,AEROPARQUE AERO
1764,2022-05-14,17.9,4.4,11.15,NUEVE DE JULIO
1400,2022-05-14,19.5,10.5,15.0,MORON AERO
1035,2022-05-14,19.7,8.9,14.3,EL PALOMAR AERO
670,2022-05-14,20.9,12.6,16.75,BUENOS AIRES OBSERVATORIO
305,2022-05-14,19.8,13.9,16.85,AEROPARQUE AERO
1763,2022-05-15,15.6,4.4,10.0,NUEVE DE JULIO
1399,2022-05-15,15.2,5.2,10.2,MORON AERO
1034,2022-05-15,15.3,3.6,9.45,EL PALOMAR AERO
669,2022-05-15,16.7,7.8,12.25,BUENOS AIRES OBSERVATORIO
304,2022-05-15,15.7,9.3,12.5,AEROPARQUE AERO
1762,2022-05-16,15.9,7.3,11.6,NUEVE DE JULIO
1398,2022-05-16,15.6,9.7,12.65,MORON AERO
1033,2022-05-16,15.8,10.0,12.9,EL PALOMAR AERO
668,2022-05-16,16.0,10.4,13.2,BUENOS AIRES OBSERVATORIO
303,2022-05-16,15.8,10.4,13.1,AEROPARQUE AERO
1761,2022-05-17,14.6,6.9,10.75,NUEVE DE JULIO
1397,2022-05-17,15.0,8.2,11.6,MORON AERO
1032,2022-05-17,15.0,7.8,11.4,EL PALOMAR AERO
667,2022-05-17,14.9,9.0,11.95,BUENOS AIRES OBSERVATORIO
302,2022-05-17,14.9,8.8,11.85,AEROPARQUE AERO
1760,2022-05-18,13.9,6.8,10.35,NUEVE DE JULIO
1396,2022-05-18,16.0,5.1,10.55,MORON AERO
1031,2022-05-18,15.8,6.5,11.15,EL PALOMAR AERO
666,2022-05-18,16.5,8.2,12.35,BUENOS AIRES OBSERVATORIO
301,2022-05-18,15.8,8.9,12.35,AEROPARQUE AERO
1759,2022-05-19,16.4,1.5,8.95,NUEVE DE JULIO
1395,2022-05-19,16.3,2.0,9.15,MORON AERO
1030,2022-05-19,16.5,0.0,8.25,EL PALOMAR AERO
665,2022-05-19,16.6,5.0,10.8,BUENOS AIRES OBSERVATORIO
300,2022-05-19,14.5,7.8,11.15,AEROPARQUE AERO
1758,2022-05-20,20.1,3.2,11.65,NUEVE DE JULIO
1394,2022-05-20,19.5,5.9,12.7,MORON AERO
1029,2022-05-20,19.0,1.4,10.2,EL PALOMAR AERO
664,2022-05-20,19.5,7.8,13.65,BUENOS AIRES OBSERVATORIO
299,2022-05-20,17.8,8.2,13.0,AEROPARQUE AERO
1757,2022-05-21,22.0,6.1,14.05,NUEVE DE JULIO
1393,2022-05-21,21.6,9.7,15.65,MORON AERO
1028,2022-05-21,22.0,7.2,14.6,EL PALOMAR AERO
663,2022-05-21,23.1,11.6,17.35,BUENOS AIRES OBSERVATORIO
298,2022-05-21,21.1,11.8,16.450000000000003,AEROPARQUE AERO
1756,2022-05-22,21.5,4.7,13.1,NUEVE DE JULIO
1392,2022-05-22,21.6,5.9,13.75,MORON AERO
1027,2022-05-22,21.0,1.7,11.35,EL PALOMAR AERO
662,2022-05-22,20.2,9.2,14.7,BUENOS AIRES OBSERVATORIO
297,2022-05-22,18.1,10.1,14.1,AEROPARQUE AERO
1755,2022-05-23,18.8,9.1,13.95,NUEVE DE JULIO
1391,2022-05-23,21.5,9.5,15.5,MORON AERO
1026,2022-05-23,22.0,4.5,13.25,EL PALOMAR AERO
661,2022-05-23,21.0,10.6,15.8,BUENOS AIRES OBSERVATORIO
296,2022-05-23,17.9,12.2,15.05,AEROPARQUE AERO
1754,2022-05-24,14.6,8.9,11.75,NUEVE DE JULIO
1390,2022-05-24,20.6,12.9,16.75,MORON AERO
1025,2022-05-24,21.2,11.4,16.3,EL PALOMAR AERO
660,2022-05-24,21.3,13.8,17.55,BUENOS AIRES OBSERVATORIO
295,2022-05-24,20.5,13.1,16.8,AEROPARQUE AERO
1753,2022-05-25,12.2,7.9,10.05,NUEVE DE JULIO
1389,2022-05-25,13.2,8.1,10.65,MORON AERO
1024,2022-05-25,13.6,7.4,10.5,EL PALOMAR AERO
659,2022-05-25,14.4,9.2,11.8,BUENOS AIRES OBSERVATORIO
294,2022-05-25,15.0,9.6,12.3,AEROPARQUE AERO
1752,2022-05-26,13.5,2.2,7.85,NUEVE DE JULIO
1388,2022-05-26,14.0,4.0,9.0,MORON AERO
1023,2022-05-26,14.0,3.1,8.55,EL PALOMAR AERO
658,2022-05-26,15.3,5.4,10.35,BUENOS AIRES OBSERVATORIO
293,2022-05-26,13.8,7.4,10.6,AEROPARQUE AERO
1751,2022-05-27,15.1,4.8,9.95,NUEVE DE JULIO
1387,2022-05-27,15.6,4.9,10.25,MORON AERO
1022,2022-05-27,16.0,4.4,10.2,EL PALOMAR AERO
657,2022-05-27,16.8,7.9,12.35,BUENOS AIRES OBSERVATORIO
292,2022-05-27,15.1,10.1,12.6,AEROPARQUE AERO
1750,2022-05-28,14.8,7.1,10.95,NUEVE DE JULIO
1386,2022-05-28,15.2,5.7,10.45,MORON AERO
1021,2022-05-28,14.5,4.2,9.35,EL PALOMAR AERO
656,2022-05-28,14.5,8.4,11.45,BUENOS AIRES OBSERVATORIO
291,2022-05-28,13.1,10.2,11.65,AEROPARQUE AERO
1749,2022-05-29,12.0,1.0,6.5,NUEVE DE JULIO
1385,2022-05-29,11.4,3.8,7.6,MORON AERO
1020,2022-05-29,12.0,3.0,7.5,EL PALOMAR AERO
655,2022-05-29,12.5,6.2,9.35,BUENOS AIRES OBSERVATORIO
290,2022-05-29,12.4,6.4,9.4,AEROPARQUE AERO
1748,2022-05-30,12.2,-0.8,5.699999999999999,NUEVE DE JULIO
1384,2022-05-30,11.5,0.5,6.0,MORON AERO
1019,2022-05-30,11.9,-1.4,5.25,EL PALOMAR AERO
654,2022-05-30,13.2,2.5,7.85,BUENOS AIRES OBSERVATORIO
289,2022-05-30,12.4,4.1,8.25,AEROPARQUE AERO
1747,2022-05-31,12.8,-1.5,5.65,NUEVE DE JULIO
1383,2022-05-31,12.0,-1.1,5.45,MORON AERO
1018,2022-05-31,12.0,-4.7,3.65,EL PALOMAR AERO
653,2022-05-31,12.8,1.2,7.0,BUENOS AIRES OBSERVATORIO
288,2022-05-31,12.5,4.4,8.45,AEROPARQUE AERO
1746,2022-06-01,13.9,3.3,8.6,NUEVE DE JULIO
1382,2022-06-01,13.4,-0.6,6.4,MORON AERO
1017,2022-06-01,13.9,-1.6,6.15,EL PALOMAR AERO
652,2022-06-01,14.9,3.0,8.95,BUENOS AIRES OBSERVATORIO
287,2022-06-01,13.2,5.3,9.25,AEROPARQUE AERO
1745,2022-06-02,14.2,0.6,7.399999999999999,NUEVE DE JULIO
1381,2022-06-02,13.2,-1.1,6.05,MORON AERO
1016,2022-06-02,13.5,-3.4,5.05,EL PALOMAR AERO
651,2022-06-02,14.6,1.7,8.15,BUENOS AIRES OBSERVATORIO
286,2022-06-02,12.2,5.5,8.85,AEROPARQUE AERO
1744,2022-06-03,13.6,0.8,7.2,NUEVE DE JULIO
1380,2022-06-03,12.5,0.0,6.25,MORON AERO
1015,2022-06-03,12.4,-3.0,4.7,EL PALOMAR AERO
650,2022-06-03,12.2,3.6,7.899999999999999,BUENOS AIRES OBSERVATORIO
285,2022-06-03,11.9,7.3,9.6,AEROPARQUE AERO
1743,2022-06-04,14.2,3.6,8.9,NUEVE DE JULIO
1379,2022-06-04,15.7,7.7,11.7,MORON AERO
1014,2022-06-04,16.0,8.8,12.4,EL PALOMAR AERO
649,2022-06-04,16.0,9.7,12.85,BUENOS AIRES OBSERVATORIO
284,2022-06-04,15.1,9.2,12.15,AEROPARQUE AERO
1742,2022-06-05,15.3,1.3,8.3,NUEVE DE JULIO
1378,2022-06-05,15.2,3.4,9.3,MORON AERO
1013,2022-06-05,15.3,2.0,8.65,EL PALOMAR AERO
648,2022-06-05,15.3,7.8,11.55,BUENOS AIRES OBSERVATORIO
283,2022-06-05,14.8,9.1,11.95,AEROPARQUE AERO
1741,2022-06-06,18.9,2.3,10.6,NUEVE DE JULIO
1377,2022-06-06,16.3,3.9,10.1,MORON AERO
1012,2022-06-06,16.9,2.0,9.45,EL PALOMAR AERO
647,2022-06-06,17.3,7.1,12.2,BUENOS AIRES OBSERVATORIO
282,2022-06-06,13.5,8.8,11.15,AEROPARQUE AERO
1740,2022-06-07,18.0,4.5,11.25,NUEVE DE JULIO
1376,2022-06-07,15.0,7.2,11.1,MORON AERO
1011,2022-06-07,14.7,7.3,11.0,EL PALOMAR AERO
646,2022-06-07,14.5,8.5,11.5,BUENOS AIRES OBSERVATORIO
281,2022-06-07,11.5,7.3,9.4,AEROPARQUE AERO
1739,2022-06-08,10.2,3.8,7.0,NUEVE DE JULIO
1375,2022-06-08,14.2,6.4,10.3,MORON AERO
1010,2022-06-08,16.3,6.8,11.55,EL PALOMAR AERO
645,2022-06-08,15.2,7.2,11.2,BUENOS AIRES OBSERVATORIO
280,2022-06-08,11.6,7.3,9.45,AEROPARQUE AERO
1738,2022-06-09,16.7,6.4,11.55,NUEVE DE JULIO
1374,2022-06-09,15.2,6.3,10.75,MORON AERO
1009,2022-06-09,15.5,6.8,11.15,EL PALOMAR AERO
644,2022-06-09,16.3,7.3,11.8,BUENOS AIRES OBSERVATORIO
279,2022-06-09,16.1,8.3,12.2,AEROPARQUE AERO
1737,2022-06-10,12.2,-1.5,5.35,NUEVE DE JULIO
1373,2022-06-10,12.0,1.9,6.95,MORON AERO
1008,2022-06-10,11.5,2.6,7.05,EL PALOMAR AERO
643,2022-06-10,12.1,3.0,7.55,BUENOS AIRES OBSERVATORIO
278,2022-06-10,11.5,4.2,7.85,AEROPARQUE AERO
1736,2022-06-11,18.1,-0.2,8.950000000000001,NUEVE DE JULIO
1372,2022-06-11,15.2,0.4,7.8,MORON AERO
1007,2022-06-11,15.5,-3.4,6.05,EL PALOMAR AERO
642,2022-06-11,16.2,2.5,9.35,BUENOS AIRES OBSERVATORIO
277,2022-06-11,15.7,4.6,10.15,AEROPARQUE AERO
1735,2022-06-12,22.1,1.9,12.0,NUEVE DE JULIO
1371,2022-06-12,19.7,0.9,10.3,MORON AERO
1006,2022-06-12,19.5,-2.5,8.5,EL PALOMAR AERO
641,2022-06-12,19.3,3.2,11.25,BUENOS AIRES OBSERVATORIO
276,2022-06-12,14.6,6.4,10.5,AEROPARQUE AERO
1734,2022-06-13,20.9,5.3,13.1,NUEVE DE JULIO
1370,2022-06-13,19.5,3.9,11.7,MORON AERO
1005,2022-06-13,20.0,-0.2,9.9,EL PALOMAR AERO
640,2022-06-13,18.5,6.3,12.4,BUENOS AIRES OBSERVATORIO
275,2022-06-13,16.2,7.4,11.8,AEROPARQUE AERO
1733,2022-06-14,17.0,7.1,12.05,NUEVE DE JULIO
1369,2022-06-14,17.8,7.8,12.8,MORON AERO
1004,2022-06-14,18.5,7.0,12.75,EL PALOMAR AERO
639,2022-06-14,17.3,9.9,13.6,BUENOS AIRES OBSERVATORIO
274,2022-06-14,15.6,9.3,12.45,AEROPARQUE AERO
1732,2022-06-15,20.0,4.1,12.05,NUEVE DE JULIO
1368,2022-06-15,19.0,5.9,12.45,MORON AERO
1003,2022-06-15,19.3,2.7,11.0,EL PALOMAR AERO
638,2022-06-15,19.3,9.1,14.2,BUENOS AIRES OBSERVATORIO
273,2022-06-15,15.6,9.6,12.6,AEROPARQUE AERO
1731,2022-06-16,11.6,3.5,7.55,NUEVE DE JULIO
1367,2022-06-16,17.5,5.5,11.5,MORON AERO
1002,2022-06-16,18.0,4.5,11.25,EL PALOMAR AERO
637,2022-06-16,18.4,8.7,13.55,BUENOS AIRES OBSERVATORIO
272,2022-06-16,17.2,9.5,13.35,AEROPARQUE AERO
1730,2022-06-17,11.9,2.3,7.1,NUEVE DE JULIO
1366,2022-06-17,13.0,3.5,8.25,MORON AERO
1001,2022-06-17,13.0,3.6,8.3,EL PALOMAR AERO
636,2022-06-17,13.5,5.0,9.25,BUENOS AIRES OBSERVATORIO
271,2022-06-17,13.2,5.8,9.5,AEROPARQUE AERO
1729,2022-06-18,15.9,0.2,8.05,NUEVE DE JULIO
1365,2022-06-18,16.2,-0.1,8.049999999999999,MORON AERO
1000,2022-06-18,16.7,-4.6,6.05,EL PALOMAR AERO
635,2022-06-18,17.3,1.5,9.4,BUENOS AIRES OBSERVATORIO
270,2022-06-18,16.6,3.4,10.0,AEROPARQUE AERO
1728,2022-06-19,18.1,5.2,11.65,NUEVE DE JULIO
1364,2022-06-19,17.8,6.4,12.1,MORON AERO
999,2022-06-19,17.6,3.8,10.7,EL PALOMAR AERO
634,2022-06-19,18.7,6.9,12.8,BUENOS AIRES OBSERVATORIO
269,2022-06-19,18.0,6.4,12.2,AEROPARQUE AERO
1727,2022-06-20,14.8,3.2,9.0,NUEVE DE JULIO
1363,2022-06-20,15.5,3.4,9.45,MORON AERO
998,2022-06-20,15.4,-0.1,7.65,EL PALOMAR AERO
633,2022-06-20,15.4,5.7,10.55,BUENOS AIRES OBSERVATORIO
268,2022-06-20,13.4,7.6,10.5,AEROPARQUE AERO
1726,2022-06-21,13.0,3.2,8.1,NUEVE DE JULIO
1362,2022-06-21,14.9,4.9,9.9,MORON AERO
997,2022-06-21,15.5,3.8,9.65,EL PALOMAR AERO
632,2022-06-21,16.2,7.4,11.8,BUENOS AIRES OBSERVATORIO
267,2022-06-21,15.5,9.1,12.3,AEROPARQUE AERO
1725,2022-06-22,9.0,1.3,5.15,NUEVE DE JULIO
1361,2022-06-22,10.2,2.7,6.449999999999999,MORON AERO
996,2022-06-22,10.2,3.2,6.699999999999999,EL PALOMAR AERO
631,2022-06-22,10.5,4.4,7.45,BUENOS AIRES OBSERVATORIO
266,2022-06-22,10.3,4.9,7.6,AEROPARQUE AERO
1724,2022-06-23,10.7,0.5,5.6,NUEVE DE JULIO
1360,2022-06-23,10.8,4.3,7.550000000000001,MORON AERO
995,2022-06-23,10.5,4.6,7.55,EL PALOMAR AERO
630,2022-06-23,10.3,5.1,7.7,BUENOS AIRES OBSERVATORIO
265,2022-06-23,10.3,5.8,8.05,AEROPARQUE AERO
1723,2022-06-24,12.2,2.5,7.35,NUEVE DE JULIO
1359,2022-06-24,12.5,5.9,9.2,MORON AERO
994,2022-06-24,12.7,7.4,10.05,EL PALOMAR AERO
629,2022-06-24,12.2,8.0,10.1,BUENOS AIRES OBSERVATORIO
264,2022-06-24,11.5,8.3,9.9,AEROPARQUE AERO
1722,2022-06-25,9.6,0.6,5.1,NUEVE DE JULIO
1358,2022-06-25,11.2,-0.5,5.35,MORON AERO
993,2022-06-25,11.7,-0.5,5.6,EL PALOMAR AERO
628,2022-06-25,12.2,2.6,7.399999999999999,BUENOS AIRES OBSERVATORIO
263,2022-06-25,12.1,5.1,8.6,AEROPARQUE AERO
1721,2022-06-26,10.2,0.6,5.4,NUEVE DE JULIO
1357,2022-06-26,11.4,4.9,8.15,MORON AERO
992,2022-06-26,10.5,3.6,7.05,EL PALOMAR AERO
627,2022-06-26,10.4,6.3,8.35,BUENOS AIRES OBSERVATORIO
262,2022-06-26,10.3,7.3,8.8,AEROPARQUE AERO
1720,2022-06-27,14.5,5.4,9.95,NUEVE DE JULIO
1356,2022-06-27,12.0,7.6,9.8,MORON AERO
991,2022-06-27,12.5,6.9,9.7,EL PALOMAR AERO
626,2022-06-27,12.6,8.6,10.6,BUENOS AIRES OBSERVATORIO
261,2022-06-27,11.5,8.4,9.95,AEROPARQUE AERO
1719,2022-06-28,20.0,6.5,13.25,NUEVE DE JULIO
1355,2022-06-28,15.6,7.3,11.45,MORON AERO
990,2022-06-28,16.0,3.0,9.5,EL PALOMAR AERO
625,2022-06-28,15.3,9.3,12.3,BUENOS AIRES OBSERVATORIO
260,2022-06-28,16.0,9.8,12.9,AEROPARQUE AERO
1718,2022-06-29,19.7,5.3,12.5,NUEVE DE JULIO
1354,2022-06-29,19.4,4.9,12.15,MORON AERO
989,2022-06-29,19.6,0.9,10.25,EL PALOMAR AERO
624,2022-06-29,20.2,7.2,13.7,BUENOS AIRES OBSERVATORIO
259,2022-06-29,19.1,7.8,13.45,AEROPARQUE AERO
1717,2022-06-30,16.6,5.3,10.95,NUEVE DE JULIO
1353,2022-06-30,17.5,5.5,11.5,MORON AERO
988,2022-06-30,17.4,2.0,9.7,EL PALOMAR AERO
623,2022-06-30,18.2,8.8,13.5,BUENOS AIRES OBSERVATORIO
258,2022-06-30,15.3,9.5,12.4,AEROPARQUE AERO
1716,2022-07-01,10.0,2.8,6.4,NUEVE DE JULIO
1352,2022-07-01,12.5,6.9,9.7,MORON AERO
987,2022-07-01,12.7,1.5,7.1,EL PALOMAR AERO
622,2022-07-01,12.6,9.8,11.2,BUENOS AIRES OBSERVATORIO
257,2022-07-01,12.6,9.2,10.9,AEROPARQUE AERO
1715,2022-07-02,14.3,3.6,8.950000000000001,NUEVE DE JULIO
1351,2022-07-02,13.2,4.1,8.649999999999999,MORON AERO
986,2022-07-02,13.5,0.9,7.2,EL PALOMAR AERO
621,2022-07-02,14.5,6.7,10.6,BUENOS AIRES OBSERVATORIO
256,2022-07-02,14.3,8.2,11.25,AEROPARQUE AERO
1714,2022-07-03,16.5,-2.1,7.2,NUEVE DE JULIO
1350,2022-07-03,15.0,-1.1,6.95,MORON AERO
985,2022-07-03,15.5,-3.5,6.0,EL PALOMAR AERO
620,2022-07-03,15.6,2.9,9.25,BUENOS AIRES OBSERVATORIO
255,2022-07-03,13.1,4.7,8.9,AEROPARQUE AERO
1713,2022-07-04,14.4,6.0,10.2,NUEVE DE JULIO
1349,2022-07-04,12.7,7.5,10.1,MORON AERO
984,2022-07-04,14.0,5.6,9.8,EL PALOMAR AERO
619,2022-07-04,14.0,8.8,11.4,BUENOS AIRES OBSERVATORIO
254,2022-07-04,13.0,8.8,10.9,AEROPARQUE AERO
1712,2022-07-05,15.5,-1.2,7.15,NUEVE DE JULIO
1348,2022-07-05,16.0,9.4,12.7,MORON AERO
983,2022-07-05,15.3,9.5,12.4,EL PALOMAR AERO
618,2022-07-05,14.5,10.1,12.3,BUENOS AIRES OBSERVATORIO
253,2022-07-05,12.9,9.0,10.95,AEROPARQUE AERO
1711,2022-07-06,15.0,5.3,10.15,NUEVE DE JULIO
1347,2022-07-06,13.3,8.8,11.05,MORON AERO
982,2022-07-06,13.6,7.0,10.3,EL PALOMAR AERO
617,2022-07-06,14.5,9.4,11.95,BUENOS AIRES OBSERVATORIO
252,2022-07-06,14.0,9.3,11.65,AEROPARQUE AERO
1710,2022-07-07,15.2,2.6,8.9,NUEVE DE JULIO
1346,2022-07-07,14.0,5.0,9.5,MORON AERO
981,2022-07-07,14.0,1.2,7.6,EL PALOMAR AERO
616,2022-07-07,15.1,7.0,11.05,BUENOS AIRES OBSERVATORIO
251,2022-07-07,14.8,7.9,11.35,AEROPARQUE AERO
1709,2022-07-08,14.1,-0.5,6.8,NUEVE DE JULIO
1345,2022-07-08,14.4,-0.1,7.15,MORON AERO
980,2022-07-08,14.0,-3.7,5.15,EL PALOMAR AERO
615,2022-07-08,14.2,2.6,8.4,BUENOS AIRES OBSERVATORIO
250,2022-07-08,13.7,5.1,9.4,AEROPARQUE AERO
1708,2022-07-09,19.1,9.6,14.35,NUEVE DE JULIO
1344,2022-07-09,18.4,10.4,14.4,MORON AERO
979,2022-07-09,18.7,10.5,14.6,EL PALOMAR AERO
614,2022-07-09,19.0,11.1,15.05,BUENOS AIRES OBSERVATORIO
249,2022-07-09,16.6,10.8,13.7,AEROPARQUE AERO
1707,2022-07-10,19.3,10.8,15.05,NUEVE DE JULIO
1343,2022-07-10,20.2,14.3,17.25,MORON AERO
978,2022-07-10,22.0,13.9,17.95,EL PALOMAR AERO
613,2022-07-10,20.9,15.0,17.95,BUENOS AIRES OBSERVATORIO
248,2022-07-10,21.5,14.8,18.15,AEROPARQUE AERO
1706,2022-07-11,11.9,3.8,7.85,NUEVE DE JULIO
1342,2022-07-11,14.4,8.8,11.6,MORON AERO
977,2022-07-11,14.1,8.9,11.5,EL PALOMAR AERO
612,2022-07-11,15.4,9.3,12.35,BUENOS AIRES OBSERVATORIO
247,2022-07-11,15.6,9.3,12.45,AEROPARQUE AERO
1705,2022-07-12,13.1,-0.2,6.45,NUEVE DE JULIO
1341,2022-07-12,11.6,0.8,6.2,MORON AERO
976,2022-07-12,12.4,-1.0,5.7,EL PALOMAR AERO
611,2022-07-12,13.1,2.8,7.949999999999999,BUENOS AIRES OBSERVATORIO
246,2022-07-12,11.9,4.6,8.25,AEROPARQUE AERO
1704,2022-07-13,18.2,2.9,10.55,NUEVE DE JULIO
1340,2022-07-13,17.0,4.5,10.75,MORON AERO
975,2022-07-13,17.0,5.0,11.0,EL PALOMAR AERO
610,2022-07-13,15.9,7.2,11.55,BUENOS AIRES OBSERVATORIO
245,2022-07-13,14.4,7.3,10.85,AEROPARQUE AERO
1703,2022-07-14,16.6,5.3,10.95,NUEVE DE JULIO
1339,2022-07-14,15.0,8.5,11.75,MORON AERO
974,2022-07-14,14.5,8.4,11.45,EL PALOMAR AERO
609,2022-07-14,13.9,10.0,11.95,BUENOS AIRES OBSERVATORIO
244,2022-07-14,14.2,9.7,11.95,AEROPARQUE AERO
1702,2022-07-15,11.8,5.8,8.8,NUEVE DE JULIO
1338,2022-07-15,12.2,8.1,10.15,MORON AERO
973,2022-07-15,11.5,8.0,9.75,EL PALOMAR AERO
608,2022-07-15,12.2,9.2,10.7,BUENOS AIRES OBSERVATORIO
243,2022-07-15,13.3,8.5,10.9,AEROPARQUE AERO
1701,2022-07-16,11.1,6.0,8.55,NUEVE DE JULIO
1337,2022-07-16,11.0,8.3,9.65,MORON AERO
972,2022-07-16,11.4,8.9,10.15,EL PALOMAR AERO
607,2022-07-16,11.5,8.9,10.2,BUENOS AIRES OBSERVATORIO
242,2022-07-16,11.7,8.4,10.05,AEROPARQUE AERO
1700,2022-07-17,14.5,-0.3,7.1,NUEVE DE JULIO
1336,2022-07-17,14.2,0.7,7.449999999999999,MORON AERO
971,2022-07-17,14.5,0.4,7.45,EL PALOMAR AERO
606,2022-07-17,14.5,2.5,8.5,BUENOS AIRES OBSERVATORIO
241,2022-07-17,14.1,2.3,8.2,AEROPARQUE AERO
1699,2022-07-18,15.3,2.4,8.85,NUEVE DE JULIO
1335,2022-07-18,16.6,5.2,10.9,MORON AERO
970,2022-07-18,17.6,5.3,11.45,EL PALOMAR AERO
605,2022-07-18,18.1,6.3,12.2,BUENOS AIRES OBSERVATORIO
240,2022-07-18,17.7,5.4,11.55,AEROPARQUE AERO
1698,2022-07-19,18.0,0.8,9.4,NUEVE DE JULIO
1334,2022-07-19,17.0,0.0,8.5,MORON AERO
969,2022-07-19,16.8,-2.5,7.15,EL PALOMAR AERO
604,2022-07-19,16.4,3.6,10.0,BUENOS AIRES OBSERVATORIO
239,2022-07-19,14.2,6.8,10.5,AEROPARQUE AERO
1697,2022-07-20,20.6,4.5,12.55,NUEVE DE JULIO
1333,2022-07-20,20.0,6.9,13.45,MORON AERO
968,2022-07-20,20.2,5.1,12.65,EL PALOMAR AERO
603,2022-07-20,18.0,9.0,13.5,BUENOS AIRES OBSERVATORIO
238,2022-07-20,15.7,8.4,12.05,AEROPARQUE AERO
1696,2022-07-21,19.0,5.6,12.3,NUEVE DE JULIO
1332,2022-07-21,19.5,8.3,13.9,MORON AERO
967,2022-07-21,19.7,3.4,11.55,EL PALOMAR AERO
602,2022-07-21,19.6,11.3,15.45,BUENOS AIRES OBSERVATORIO
237,2022-07-21,19.5,10.2,14.85,AEROPARQUE AERO
1695,2022-07-22,18.7,3.3,11.0,NUEVE DE JULIO
1331,2022-07-22,18.6,3.4,11.0,MORON AERO
966,2022-07-22,19.0,2.7,10.85,EL PALOMAR AERO
601,2022-07-22,19.2,7.0,13.1,BUENOS AIRES OBSERVATORIO
236,2022-07-22,17.2,9.1,13.15,AEROPARQUE AERO
1694,2022-07-23,16.7,7.2,11.95,NUEVE DE JULIO
1330,2022-07-23,16.5,9.5,13.0,MORON AERO
965,2022-07-23,16.5,9.5,13.0,EL PALOMAR AERO
600,2022-07-23,16.6,11.6,14.1,BUENOS AIRES OBSERVATORIO
235,2022-07-23,15.2,10.8,13.0,AEROPARQUE AERO
1693,2022-07-24,16.8,10.9,13.85,NUEVE DE JULIO
1329,2022-07-24,16.6,14.7,15.65,MORON AERO
964,2022-07-24,16.5,14.0,15.25,EL PALOMAR AERO
599,2022-07-24,15.8,13.5,14.65,BUENOS AIRES OBSERVATORIO
234,2022-07-24,15.3,11.9,13.6,AEROPARQUE AERO
1692,2022-07-25,14.1,9.6,11.85,NUEVE DE JULIO
1328,2022-07-25,16.6,11.5,14.05,MORON AERO
963,2022-07-25,17.2,12.6,14.9,EL PALOMAR AERO
598,2022-07-25,16.9,12.8,14.85,BUENOS AIRES OBSERVATORIO
233,2022-07-25,15.8,11.8,13.8,AEROPARQUE AERO
1691,2022-07-26,20.4,13.3,16.85,NUEVE DE JULIO
1327,2022-07-26,23.0,13.4,18.2,MORON AERO
962,2022-07-26,22.5,14.4,18.45,EL PALOMAR AERO
597,2022-07-26,22.7,15.1,18.9,BUENOS AIRES OBSERVATORIO
232,2022-07-26,20.8,14.1,17.45,AEROPARQUE AERO
1690,2022-07-27,18.0,12.6,15.3,NUEVE DE JULIO
1326,2022-07-27,19.8,16.4,18.1,MORON AERO
961,2022-07-27,20.0,16.0,18.0,EL PALOMAR AERO
596,2022-07-27,19.6,15.5,17.55,BUENOS AIRES OBSERVATORIO
231,2022-07-27,19.6,14.5,17.05,AEROPARQUE AERO
1689,2022-07-28,14.4,6.1,10.25,NUEVE DE JULIO
1325,2022-07-28,16.7,9.1,12.9,MORON AERO
960,2022-07-28,17.1,10.0,13.55,EL PALOMAR AERO
595,2022-07-28,16.8,10.1,13.45,BUENOS AIRES OBSERVATORIO
230,2022-07-28,16.8,9.9,13.35,AEROPARQUE AERO
1688,2022-07-29,20.4,3.3,11.85,NUEVE DE JULIO
1324,2022-07-29,18.0,3.8,10.9,MORON AERO
959,2022-07-29,18.6,2.8,10.7,EL PALOMAR AERO
594,2022-07-29,19.2,5.8,12.5,BUENOS AIRES OBSERVATORIO
229,2022-07-29,18.1,6.8,12.45,AEROPARQUE AERO
1687,2022-07-30,22.3,5.0,13.65,NUEVE DE JULIO
1323,2022-07-30,21.0,4.9,12.95,MORON AERO
958,2022-07-30,21.4,0.5,10.95,EL PALOMAR AERO
593,2022-07-30,20.5,8.3,14.4,BUENOS AIRES OBSERVATORIO
228,2022-07-30,17.2,8.1,12.65,AEROPARQUE AERO
1686,2022-07-31,21.8,8.8,15.3,NUEVE DE JULIO
1322,2022-07-31,18.9,9.3,14.1,MORON AERO
957,2022-07-31,18.6,7.0,12.8,EL PALOMAR AERO
592,2022-07-31,19.0,10.4,14.7,BUENOS AIRES OBSERVATORIO
227,2022-07-31,17.4,10.7,14.05,AEROPARQUE AERO
1685,2022-08-01,21.0,5.8,13.4,NUEVE DE JULIO
1321,2022-08-01,19.2,4.6,11.9,MORON AERO
956,2022-08-01,18.7,2.6,10.65,EL PALOMAR AERO
591,2022-08-01,18.6,8.4,13.5,BUENOS AIRES OBSERVATORIO
226,2022-08-01,16.6,10.3,13.45,AEROPARQUE AERO
1684,2022-08-02,18.4,4.6,11.5,NUEVE DE JULIO
1320,2022-08-02,17.0,8.7,12.85,MORON AERO
955,2022-08-02,17.0,4.5,10.75,EL PALOMAR AERO
590,2022-08-02,16.2,10.3,13.25,BUENOS AIRES OBSERVATORIO
225,2022-08-02,15.6,11.1,13.35,AEROPARQUE AERO
1683,2022-08-03,14.1,7.1,10.6,NUEVE DE JULIO
1319,2022-08-03,16.0,8.9,12.45,MORON AERO
954,2022-08-03,16.4,8.0,12.2,EL PALOMAR AERO
589,2022-08-03,15.8,10.2,13.0,BUENOS AIRES OBSERVATORIO
224,2022-08-03,16.1,10.2,13.15,AEROPARQUE AERO
1682,2022-08-04,16.0,6.6,11.3,NUEVE DE JULIO
1318,2022-08-04,14.2,7.5,10.85,MORON AERO
953,2022-08-04,13.5,0.4,6.95,EL PALOMAR AERO
588,2022-08-04,13.6,7.9,10.75,BUENOS AIRES OBSERVATORIO
223,2022-08-04,14.1,7.4,10.75,AEROPARQUE AERO
1681,2022-08-05,18.7,3.2,10.95,NUEVE DE JULIO
1317,2022-08-05,16.8,2.0,9.4,MORON AERO
952,2022-08-05,17.0,-2.1,7.45,EL PALOMAR AERO
587,2022-08-05,17.8,4.3,11.05,BUENOS AIRES OBSERVATORIO
222,2022-08-05,17.1,5.8,11.45,AEROPARQUE AERO
1680,2022-08-06,16.5,4.8,10.65,NUEVE DE JULIO
1316,2022-08-06,17.2,3.7,10.45,MORON AERO
951,2022-08-06,17.5,0.0,8.75,EL PALOMAR AERO
586,2022-08-06,17.0,6.6,11.8,BUENOS AIRES OBSERVATORIO
221,2022-08-06,15.6,7.5,11.55,AEROPARQUE AERO
1679,2022-08-07,14.3,5.8,10.05,NUEVE DE JULIO
1315,2022-08-07,15.0,8.4,11.7,MORON AERO
950,2022-08-07,15.0,8.0,11.5,EL PALOMAR AERO
585,2022-08-07,15.1,8.7,11.9,BUENOS AIRES OBSERVATORIO
220,2022-08-07,13.7,8.8,11.25,AEROPARQUE AERO
1678,2022-08-08,11.9,2.6,7.25,NUEVE DE JULIO
1314,2022-08-08,14.2,5.1,9.65,MORON AERO
949,2022-08-08,14.0,5.4,9.7,EL PALOMAR AERO
584,2022-08-08,14.4,5.7,10.05,BUENOS AIRES OBSERVATORIO
219,2022-08-08,14.5,7.4,10.95,AEROPARQUE AERO
1677,2022-08-09,14.8,1.9,8.35,NUEVE DE JULIO
1313,2022-08-09,13.6,7.5,10.55,MORON AERO
948,2022-08-09,14.4,8.0,11.2,EL PALOMAR AERO
583,2022-08-09,14.9,9.4,12.15,BUENOS AIRES OBSERVATORIO
218,2022-08-09,13.6,9.9,11.75,AEROPARQUE AERO
1676,2022-08-10,16.8,2.8,9.8,NUEVE DE JULIO
1312,2022-08-10,15.5,5.4,10.45,MORON AERO
947,2022-08-10,15.1,0.5,7.8,EL PALOMAR AERO
582,2022-08-10,14.8,9.0,11.9,BUENOS AIRES OBSERVATORIO
217,2022-08-10,13.5,9.0,11.25,AEROPARQUE AERO
1675,2022-08-11,20.2,2.7,11.45,NUEVE DE JULIO
1311,2022-08-11,18.4,6.0,12.2,MORON AERO
946,2022-08-11,19.0,6.5,12.75,EL PALOMAR AERO
581,2022-08-11,18.5,9.2,13.85,BUENOS AIRES OBSERVATORIO
216,2022-08-11,16.6,9.8,13.2,AEROPARQUE AERO
1674,2022-08-12,21.3,5.3,13.3,NUEVE DE JULIO
1310,2022-08-12,20.0,8.4,14.2,MORON AERO
945,2022-08-12,20.0,8.5,14.25,EL PALOMAR AERO
580,2022-08-12,19.2,10.6,14.9,BUENOS AIRES OBSERVATORIO
215,2022-08-12,17.1,10.4,13.75,AEROPARQUE AERO
1673,2022-08-13,25.4,7.3,16.349999999999998,NUEVE DE JULIO
1309,2022-08-13,24.5,8.5,16.5,MORON AERO
944,2022-08-13,23.5,5.5,14.5,EL PALOMAR AERO
579,2022-08-13,22.5,11.0,16.75,BUENOS AIRES OBSERVATORIO
214,2022-08-13,20.0,12.1,16.05,AEROPARQUE AERO
1672,2022-08-14,25.5,9.4,17.45,NUEVE DE JULIO
1308,2022-08-14,24.6,14.1,19.35,MORON AERO
943,2022-08-14,24.0,13.5,18.75,EL PALOMAR AERO
578,2022-08-14,23.4,14.8,19.1,BUENOS AIRES OBSERVATORIO
213,2022-08-14,20.7,14.1,17.4,AEROPARQUE AERO
1671,2022-08-15,18.5,8.8,13.65,NUEVE DE JULIO
1307,2022-08-15,21.6,9.8,15.7,MORON AERO
942,2022-08-15,20.5,8.8,14.65,EL PALOMAR AERO
577,2022-08-15,21.1,11.1,16.1,BUENOS AIRES OBSERVATORIO
212,2022-08-15,19.3,12.3,15.8,AEROPARQUE AERO
1670,2022-08-16,17.0,4.4,10.7,NUEVE DE JULIO
1306,2022-08-16,20.2,6.3,13.25,MORON AERO
941,2022-08-16,20.4,5.6,13.0,EL PALOMAR AERO
576,2022-08-16,20.7,8.2,14.45,BUENOS AIRES OBSERVATORIO
211,2022-08-16,20.4,7.5,13.95,AEROPARQUE AERO
1669,2022-08-17,14.0,7.0,10.5,NUEVE DE JULIO
1305,2022-08-17,14.6,8.7,11.65,MORON AERO
940,2022-08-17,14.0,9.0,11.5,EL PALOMAR AERO
575,2022-08-17,15.7,9.8,12.75,BUENOS AIRES OBSERVATORIO
210,2022-08-17,15.0,9.2,12.1,AEROPARQUE AERO
1668,2022-08-18,13.1,1.6,7.35,NUEVE DE JULIO
1304,2022-08-18,12.4,0.5,6.45,MORON AERO
939,2022-08-18,13.0,2.5,7.75,EL PALOMAR AERO
574,2022-08-18,14.1,3.5,8.8,BUENOS AIRES OBSERVATORIO
209,2022-08-18,13.1,4.3,8.7,AEROPARQUE AERO
1667,2022-08-19,20.2,1.8,11.0,NUEVE DE JULIO
1303,2022-08-19,18.1,2.0,10.05,MORON AERO
938,2022-08-19,18.3,-4.5,6.9,EL PALOMAR AERO
573,2022-08-19,18.8,4.1,11.45,BUENOS AIRES OBSERVATORIO
208,2022-08-19,18.1,6.2,12.15,AEROPARQUE AERO
1666,2022-08-20,20.3,3.5,11.9,NUEVE DE JULIO
1302,2022-08-20,19.5,4.9,12.2,MORON AERO
937,2022-08-20,19.5,4.9,12.2,EL PALOMAR AERO
572,2022-08-20,19.2,7.8,13.5,BUENOS AIRES OBSERVATORIO
207,2022-08-20,16.8,6.1,11.45,AEROPARQUE AERO
1665,2022-08-21,18.4,3.3,10.85,NUEVE DE JULIO
1301,2022-08-21,19.4,2.8,11.1,MORON AERO
936,2022-08-21,19.5,-0.4,9.55,EL PALOMAR AERO
571,2022-08-21,19.7,6.3,13.0,BUENOS AIRES OBSERVATORIO
206,2022-08-21,16.1,7.4,11.75,AEROPARQUE AERO
1664,2022-08-22,18.4,5.3,11.85,NUEVE DE JULIO
1300,2022-08-22,16.6,9.0,12.8,MORON AERO
935,2022-08-22,16.6,4.2,10.4,EL PALOMAR AERO
570,2022-08-22,16.4,8.5,12.45,BUENOS AIRES OBSERVATORIO
205,2022-08-22,13.2,9.3,11.25,AEROPARQUE AERO
1663,2022-08-23,21.4,2.3,11.85,NUEVE DE JULIO
1299,2022-08-23,21.4,8.4,14.9,MORON AERO
934,2022-08-23,21.6,8.0,14.8,EL PALOMAR AERO
569,2022-08-23,20.0,10.6,15.3,BUENOS AIRES OBSERVATORIO
204,2022-08-23,17.4,10.6,14.0,AEROPARQUE AERO
1662,2022-08-24,26.2,6.0,16.1,NUEVE DE JULIO
1298,2022-08-24,26.0,7.4,16.7,MORON AERO
933,2022-08-24,26.0,4.8,15.4,EL PALOMAR AERO
568,2022-08-24,25.5,10.2,17.85,BUENOS AIRES OBSERVATORIO
203,2022-08-24,20.6,11.8,16.200000000000003,AEROPARQUE AERO
1661,2022-08-25,27.3,12.1,19.7,NUEVE DE JULIO
1297,2022-08-25,26.8,13.1,19.95,MORON AERO
932,2022-08-25,27.0,11.0,19.0,EL PALOMAR AERO
567,2022-08-25,26.7,15.1,20.9,BUENOS AIRES OBSERVATORIO
202,2022-08-25,20.8,13.8,17.3,AEROPARQUE AERO
1660,2022-08-26,26.6,8.7,17.65,NUEVE DE JULIO
1296,2022-08-26,25.0,11.5,18.25,MORON AERO
931,2022-08-26,24.6,8.5,16.55,EL PALOMAR AERO
566,2022-08-26,24.3,14.2,19.25,BUENOS AIRES OBSERVATORIO
201,2022-08-26,20.2,14.2,17.2,AEROPARQUE AERO
1659,2022-08-27,21.8,8.9,15.35,NUEVE DE JULIO
1295,2022-08-27,20.6,10.3,15.45,MORON AERO
930,2022-08-27,20.0,10.4,15.2,EL PALOMAR AERO
565,2022-08-27,20.4,10.8,15.6,BUENOS AIRES OBSERVATORIO
200,2022-08-27,19.9,10.8,15.35,AEROPARQUE AERO
1658,2022-08-28,14.7,0.3,7.5,NUEVE DE JULIO
1294,2022-08-28,13.8,0.1,6.95,MORON AERO
929,2022-08-28,13.5,1.9,7.7,EL PALOMAR AERO
564,2022-08-28,14.3,4.0,9.15,BUENOS AIRES OBSERVATORIO
199,2022-08-28,13.6,4.8,9.2,AEROPARQUE AERO
1657,2022-08-29,19.1,0.6,9.85,NUEVE DE JULIO
1293,2022-08-29,16.4,2.6,9.5,MORON AERO
928,2022-08-29,16.5,-2.3,7.1,EL PALOMAR AERO
563,2022-08-29,15.5,4.7,10.1,BUENOS AIRES OBSERVATORIO
198,2022-08-29,14.1,6.0,10.05,AEROPARQUE AERO
1656,2022-08-30,21.0,1.8,11.4,NUEVE DE JULIO
1292,2022-08-30,19.0,6.8,12.9,MORON AERO
927,2022-08-30,18.8,6.0,12.4,EL PALOMAR AERO
562,2022-08-30,17.9,10.1,14.0,BUENOS AIRES OBSERVATORIO
197,2022-08-30,16.3,9.8,13.05,AEROPARQUE AERO
1655,2022-08-31,22.9,7.3,15.1,NUEVE DE JULIO
1291,2022-08-31,21.5,12.3,16.9,MORON AERO
926,2022-08-31,21.0,12.5,16.75,EL PALOMAR AERO
561,2022-08-31,20.7,13.0,16.85,BUENOS AIRES OBSERVATORIO
196,2022-08-31,17.9,13.0,15.45,AEROPARQUE AERO
1654,2022-09-01,24.2,14.2,19.2,NUEVE DE JULIO
1290,2022-09-01,17.8,14.1,15.95,MORON AERO
925,2022-09-01,17.2,12.8,15.0,EL PALOMAR AERO
560,2022-09-01,17.7,14.9,16.3,BUENOS AIRES OBSERVATORIO
195,2022-09-01,17.7,14.3,16.0,AEROPARQUE AERO
1653,2022-09-02,17.1,2.9,10.0,NUEVE DE JULIO
1289,2022-09-02,17.2,4.9,11.05,MORON AERO
924,2022-09-02,17.5,6.0,11.75,EL PALOMAR AERO
559,2022-09-02,18.0,7.6,12.8,BUENOS AIRES OBSERVATORIO
194,2022-09-02,17.6,7.4,12.5,AEROPARQUE AERO
1652,2022-09-03,22.1,3.4,12.75,NUEVE DE JULIO
1288,2022-09-03,20.0,1.6,10.8,MORON AERO
923,2022-09-03,20.0,-1.1,9.45,EL PALOMAR AERO
558,2022-09-03,19.7,5.0,12.35,BUENOS AIRES OBSERVATORIO
193,2022-09-03,16.6,7.3,11.95,AEROPARQUE AERO
1651,2022-09-04,25.2,5.3,15.25,NUEVE DE JULIO
1287,2022-09-04,22.0,8.2,15.1,MORON AERO
922,2022-09-04,22.4,7.0,14.7,EL PALOMAR AERO
557,2022-09-04,22.5,9.9,16.2,BUENOS AIRES OBSERVATORIO
192,2022-09-04,19.7,9.4,14.55,AEROPARQUE AERO
1650,2022-09-05,25.5,5.6,15.55,NUEVE DE JULIO
1286,2022-09-05,24.0,9.0,16.5,MORON AERO
921,2022-09-05,23.5,1.8,12.65,EL PALOMAR AERO
556,2022-09-05,23.5,9.4,16.45,BUENOS AIRES OBSERVATORIO
191,2022-09-05,18.8,10.3,14.55,AEROPARQUE AERO
1649,2022-09-06,25.0,5.5,15.25,NUEVE DE JULIO
1285,2022-09-06,22.5,5.8,14.15,MORON AERO
920,2022-09-06,22.2,1.7,11.95,EL PALOMAR AERO
555,2022-09-06,21.6,11.3,16.450000000000003,BUENOS AIRES OBSERVATORIO
190,2022-09-06,19.1,13.1,16.1,AEROPARQUE AERO
1648,2022-09-07,28.8,8.3,18.55,NUEVE DE JULIO
1284,2022-09-07,25.4,12.2,18.8,MORON AERO
919,2022-09-07,25.5,12.0,18.75,EL PALOMAR AERO
554,2022-09-07,24.1,14.3,19.200000000000003,BUENOS AIRES OBSERVATORIO
189,2022-09-07,21.6,14.2,17.9,AEROPARQUE AERO
1647,2022-09-08,19.2,8.8,14.0,NUEVE DE JULIO
1283,2022-09-08,24.2,11.9,18.05,MORON AERO
918,2022-09-08,25.0,12.0,18.5,EL PALOMAR AERO
553,2022-09-08,24.2,12.2,18.2,BUENOS AIRES OBSERVATORIO
188,2022-09-08,21.5,12.0,16.75,AEROPARQUE AERO
1646,2022-09-09,15.3,2.8,9.05,NUEVE DE JULIO
1282,2022-09-09,12.6,6.3,9.45,MORON AERO
917,2022-09-09,13.9,6.9,10.4,EL PALOMAR AERO
552,2022-09-09,14.0,7.5,10.75,BUENOS AIRES OBSERVATORIO
187,2022-09-09,14.4,7.4,10.9,AEROPARQUE AERO
1645,2022-09-10,21.2,1.0,11.1,NUEVE DE JULIO
1281,2022-09-10,19.0,2.1,10.55,MORON AERO
916,2022-09-10,19.0,-1.8,8.6,EL PALOMAR AERO
551,2022-09-10,19.7,4.0,11.85,BUENOS AIRES OBSERVATORIO
186,2022-09-10,19.0,5.4,12.2,AEROPARQUE AERO
1644,2022-09-11,18.5,3.5,11.0,NUEVE DE JULIO
1280,2022-09-11,19.4,4.9,12.15,MORON AERO
915,2022-09-11,18.5,0.2,9.35,EL PALOMAR AERO
550,2022-09-11,18.5,6.9,12.7,BUENOS AIRES OBSERVATORIO
185,2022-09-11,17.2,8.6,12.9,AEROPARQUE AERO
1643,2022-09-12,22.1,3.8,12.95,NUEVE DE JULIO
1279,2022-09-12,21.0,6.7,13.85,MORON AERO
914,2022-09-12,20.0,3.2,11.6,EL PALOMAR AERO
549,2022-09-12,19.3,7.6,13.45,BUENOS AIRES OBSERVATORIO
184,2022-09-12,16.6,11.2,13.9,AEROPARQUE AERO
1642,2022-09-13,24.3,5.6,14.95,NUEVE DE JULIO
1278,2022-09-13,20.6,5.5,13.05,MORON AERO
913,2022-09-13,21.0,2.3,11.65,EL PALOMAR AERO
548,2022-09-13,20.2,8.4,14.3,BUENOS AIRES OBSERVATORIO
183,2022-09-13,16.4,10.8,13.6,AEROPARQUE AERO
1641,2022-09-14,25.5,6.8,16.15,NUEVE DE JULIO
1277,2022-09-14,21.6,6.5,14.05,MORON AERO
912,2022-09-14,21.0,3.5,12.25,EL PALOMAR AERO
547,2022-09-14,20.5,9.7,15.1,BUENOS AIRES OBSERVATORIO
182,2022-09-14,17.7,11.6,14.65,AEROPARQUE AERO
1640,2022-09-15,25.2,6.9,16.05,NUEVE DE JULIO
1276,2022-09-15,22.0,9.7,15.85,MORON AERO
911,2022-09-15,22.0,3.7,12.85,EL PALOMAR AERO
546,2022-09-15,21.3,11.8,16.55,BUENOS AIRES OBSERVATORIO
181,2022-09-15,19.6,12.8,16.200000000000003,AEROPARQUE AERO
1639,2022-09-16,26.0,9.6,17.8,NUEVE DE JULIO
1275,2022-09-16,23.2,13.4,18.3,MORON AERO
910,2022-09-16,23.2,13.3,18.25,EL PALOMAR AERO
545,2022-09-16,23.2,14.1,18.65,BUENOS AIRES OBSERVATORIO
180,2022-09-16,21.6,14.0,17.8,AEROPARQUE AERO
1638,2022-09-17,27.0,13.6,20.3,NUEVE DE JULIO
1274,2022-09-17,25.1,14.9,20.0,MORON AERO
909,2022-09-17,24.6,15.0,19.8,EL PALOMAR AERO
544,2022-09-17,24.6,15.6,20.1,BUENOS AIRES OBSERVATORIO
179,2022-09-17,22.7,14.9,18.8,AEROPARQUE AERO
1637,2022-09-18,24.5,14.4,19.45,NUEVE DE JULIO
1273,2022-09-18,23.6,16.1,19.85,MORON AERO
908,2022-09-18,22.0,14.5,18.25,EL PALOMAR AERO
543,2022-09-18,21.8,16.0,18.9,BUENOS AIRES OBSERVATORIO
178,2022-09-18,19.9,15.3,17.6,AEROPARQUE AERO
1636,2022-09-19,17.5,9.4,13.45,NUEVE DE JULIO
1272,2022-09-19,22.0,13.9,17.95,MORON AERO
907,2022-09-19,22.5,11.5,17.0,EL PALOMAR AERO
542,2022-09-19,23.5,15.0,19.25,BUENOS AIRES OBSERVATORIO
177,2022-09-19,22.6,15.6,19.1,AEROPARQUE AERO
1635,2022-09-20,18.0,4.3,11.15,NUEVE DE JULIO
1271,2022-09-20,18.4,7.4,12.9,MORON AERO
906,2022-09-20,18.0,6.8,12.4,EL PALOMAR AERO
541,2022-09-20,17.9,8.4,13.15,BUENOS AIRES OBSERVATORIO
176,2022-09-20,18.6,8.8,13.7,AEROPARQUE AERO
1634,2022-09-21,17.6,10.4,14.0,NUEVE DE JULIO
1270,2022-09-21,18.0,9.1,13.55,MORON AERO
905,2022-09-21,18.5,10.5,14.5,EL PALOMAR AERO
540,2022-09-21,18.2,11.9,15.05,BUENOS AIRES OBSERVATORIO
175,2022-09-21,17.1,12.0,14.55,AEROPARQUE AERO
1633,2022-09-22,18.7,5.9,12.3,NUEVE DE JULIO
1269,2022-09-22,17.8,9.8,13.8,MORON AERO
904,2022-09-22,17.7,8.0,12.85,EL PALOMAR AERO
539,2022-09-22,19.5,10.5,15.0,BUENOS AIRES OBSERVATORIO
174,2022-09-22,19.1,10.3,14.7,AEROPARQUE AERO
1632,2022-09-23,20.4,2.7,11.55,NUEVE DE JULIO
1268,2022-09-23,20.2,3.9,12.05,MORON AERO
903,2022-09-23,20.5,1.5,11.0,EL PALOMAR AERO
538,2022-09-23,20.4,6.0,13.2,BUENOS AIRES OBSERVATORIO
173,2022-09-23,18.1,8.4,13.25,AEROPARQUE AERO
1631,2022-09-24,25.4,8.6,17.0,NUEVE DE JULIO
1267,2022-09-24,22.7,7.9,15.3,MORON AERO
902,2022-09-24,22.5,6.5,14.5,EL PALOMAR AERO
537,2022-09-24,22.4,12.2,17.299999999999997,BUENOS AIRES OBSERVATORIO
172,2022-09-24,20.8,11.8,16.3,AEROPARQUE AERO
1630,2022-09-25,22.8,8.2,15.5,NUEVE DE JULIO
1266,2022-09-25,21.0,12.4,16.7,MORON AERO
901,2022-09-25,21.0,7.2,14.1,EL PALOMAR AERO
536,2022-09-25,22.6,13.5,18.05,BUENOS AIRES OBSERVATORIO
171,2022-09-25,20.2,13.3,16.75,AEROPARQUE AERO
1629,2022-09-26,25.1,9.1,17.1,NUEVE DE JULIO
1265,2022-09-26,24.6,9.5,17.05,MORON AERO
900,2022-09-26,24.5,8.5,16.5,EL PALOMAR AERO
535,2022-09-26,24.5,13.3,18.9,BUENOS AIRES OBSERVATORIO
170,2022-09-26,21.0,14.6,17.8,AEROPARQUE AERO
1628,2022-09-27,26.2,9.7,17.95,NUEVE DE JULIO
1264,2022-09-27,26.4,10.9,18.65,MORON AERO
899,2022-09-27,27.2,5.3,16.25,EL PALOMAR AERO
534,2022-09-27,27.8,12.4,20.1,BUENOS AIRES OBSERVATORIO
169,2022-09-27,23.1,13.7,18.4,AEROPARQUE AERO
1627,2022-09-28,20.6,4.7,12.65,NUEVE DE JULIO
1263,2022-09-28,19.6,7.9,13.75,MORON AERO
898,2022-09-28,18.5,6.5,12.5,EL PALOMAR AERO
533,2022-09-28,18.5,9.8,14.15,BUENOS AIRES OBSERVATORIO
168,2022-09-28,17.1,11.3,14.2,AEROPARQUE AERO
1626,2022-09-29,21.4,5.1,13.25,NUEVE DE JULIO
1262,2022-09-29,18.6,10.8,14.7,MORON AERO
897,2022-09-29,18.5,10.4,14.45,EL PALOMAR AERO
532,2022-09-29,18.1,11.5,14.8,BUENOS AIRES OBSERVATORIO
167,2022-09-29,17.5,11.0,14.25,AEROPARQUE AERO
1625,2022-09-30,23.7,7.2,15.45,NUEVE DE JULIO
1261,2022-09-30,20.5,10.7,15.6,MORON AERO
896,2022-09-30,21.0,6.5,13.75,EL PALOMAR AERO
531,2022-09-30,20.6,12.0,16.3,BUENOS AIRES OBSERVATORIO
166,2022-09-30,18.6,12.4,15.5,AEROPARQUE AERO
1624,2022-10-01,26.8,8.3,17.55,NUEVE DE JULIO
1260,2022-10-01,25.0,8.4,16.7,MORON AERO
895,2022-10-01,25.0,5.0,15.0,EL PALOMAR AERO
530,2022-10-01,23.6,10.9,17.25,BUENOS AIRES OBSERVATORIO
165,2022-10-01,20.6,12.9,16.75,AEROPARQUE AERO
1623,2022-10-02,28.7,10.9,19.8,NUEVE DE JULIO
1259,2022-10-02,27.4,11.1,19.25,MORON AERO
894,2022-10-02,27.9,6.0,16.95,EL PALOMAR AERO
529,2022-10-02,27.9,12.5,20.2,BUENOS AIRES OBSERVATORIO
164,2022-10-02,22.1,13.2,17.65,AEROPARQUE AERO
1622,2022-10-03,25.0,6.8,15.9,NUEVE DE JULIO
1258,2022-10-03,19.5,9.9,14.7,MORON AERO
893,2022-10-03,19.5,10.5,15.0,EL PALOMAR AERO
528,2022-10-03,18.8,11.4,15.1,BUENOS AIRES OBSERVATORIO
163,2022-10-03,17.2,11.0,14.1,AEROPARQUE AERO
1621,2022-10-04,24.8,7.5,16.15,NUEVE DE JULIO
1257,2022-10-04,20.6,11.0,15.8,MORON AERO
892,2022-10-04,21.0,11.0,16.0,EL PALOMAR AERO
527,2022-10-04,20.4,11.5,15.95,BUENOS AIRES OBSERVATORIO
162,2022-10-04,19.2,11.3,15.25,AEROPARQUE AERO
1620,2022-10-05,18.6,11.3,14.95,NUEVE DE JULIO
1256,2022-10-05,22.5,13.9,18.2,MORON AERO
891,2022-10-05,23.3,13.8,18.55,EL PALOMAR AERO
526,2022-10-05,23.5,14.4,18.95,BUENOS AIRES OBSERVATORIO
161,2022-10-05,21.2,13.8,17.5,AEROPARQUE AERO
1619,2022-10-06,25.6,11.5,18.55,NUEVE DE JULIO
1255,2022-10-06,22.0,13.5,17.75,MORON AERO
890,2022-10-06,22.0,12.0,17.0,EL PALOMAR AERO
525,2022-10-06,22.5,14.4,18.45,BUENOS AIRES OBSERVATORIO
160,2022-10-06,23.1,14.3,18.700000000000003,AEROPARQUE AERO
1618,2022-10-07,29.0,8.1,18.55,NUEVE DE JULIO
1254,2022-10-07,29.2,8.3,18.75,MORON AERO
889,2022-10-07,28.5,6.0,17.25,EL PALOMAR AERO
524,2022-10-07,29.0,10.2,19.6,BUENOS AIRES OBSERVATORIO
159,2022-10-07,28.6,12.5,20.55,AEROPARQUE AERO
1617,2022-10-08,22.4,8.9,15.65,NUEVE DE JULIO
1253,2022-10-08,22.8,8.1,15.45,MORON AERO
888,2022-10-08,22.1,8.5,15.3,EL PALOMAR AERO
523,2022-10-08,23.0,9.4,16.2,BUENOS AIRES OBSERVATORIO
158,2022-10-08,22.6,9.3,15.95,AEROPARQUE AERO
1616,2022-10-09,22.2,2.8,12.5,NUEVE DE JULIO
1252,2022-10-09,20.2,4.0,12.1,MORON AERO
887,2022-10-09,21.0,2.0,11.5,EL PALOMAR AERO
522,2022-10-09,21.8,5.9,13.85,BUENOS AIRES OBSERVATORIO
157,2022-10-09,21.1,6.3,13.7,AEROPARQUE AERO
1615,2022-10-10,24.8,6.5,15.65,NUEVE DE JULIO
1251,2022-10-10,22.4,7.0,14.7,MORON AERO
886,2022-10-10,21.6,0.4,11.0,EL PALOMAR AERO
521,2022-10-10,21.3,8.8,15.05,BUENOS AIRES OBSERVATORIO
156,2022-10-10,19.4,10.3,14.85,AEROPARQUE AERO
1614,2022-10-11,25.0,6.5,15.75,NUEVE DE JULIO
1250,2022-10-11,22.6,10.5,16.55,MORON AERO
885,2022-10-11,22.0,9.8,15.9,EL PALOMAR AERO
520,2022-10-11,21.3,12.2,16.75,BUENOS AIRES OBSERVATORIO
155,2022-10-11,18.6,12.8,15.7,AEROPARQUE AERO
1613,2022-10-12,27.6,8.7,18.15,NUEVE DE JULIO
1249,2022-10-12,29.7,10.5,20.1,MORON AERO
884,2022-10-12,29.7,5.0,17.35,EL PALOMAR AERO
519,2022-10-12,29.5,12.1,20.8,BUENOS AIRES OBSERVATORIO
154,2022-10-12,29.1,11.4,20.25,AEROPARQUE AERO
1612,2022-10-13,18.9,7.2,13.05,NUEVE DE JULIO
1248,2022-10-13,22.8,10.4,16.6,MORON AERO
883,2022-10-13,24.7,11.0,17.85,EL PALOMAR AERO
518,2022-10-13,24.4,12.0,18.2,BUENOS AIRES OBSERVATORIO
153,2022-10-13,24.6,11.3,17.950000000000003,AEROPARQUE AERO
1611,2022-10-14,20.0,4.5,12.25,NUEVE DE JULIO
1247,2022-10-14,17.0,9.3,13.15,MORON AERO
882,2022-10-14,17.0,9.0,13.0,EL PALOMAR AERO
517,2022-10-14,17.2,10.7,13.95,BUENOS AIRES OBSERVATORIO
152,2022-10-14,16.4,11.1,13.75,AEROPARQUE AERO
1610,2022-10-15,20.8,6.2,13.5,NUEVE DE JULIO
1246,2022-10-15,15.2,9.7,12.45,MORON AERO
881,2022-10-15,15.2,12.6,13.9,EL PALOMAR AERO
516,2022-10-15,15.8,13.0,14.4,BUENOS AIRES OBSERVATORIO
151,2022-10-15,15.6,12.3,13.95,AEROPARQUE AERO
1609,2022-10-16,23.7,6.8,15.25,NUEVE DE JULIO
1245,2022-10-16,20.0,7.9,13.95,MORON AERO
880,2022-10-16,20.0,8.0,14.0,EL PALOMAR AERO
515,2022-10-16,20.0,11.2,15.6,BUENOS AIRES OBSERVATORIO
150,2022-10-16,18.8,12.4,15.6,AEROPARQUE AERO
1608,2022-10-17,23.5,9.5,16.5,NUEVE DE JULIO
1244,2022-10-17,20.8,10.9,15.85,MORON AERO
879,2022-10-17,20.6,10.3,15.45,EL PALOMAR AERO
514,2022-10-17,20.3,12.6,16.45,BUENOS AIRES OBSERVATORIO
149,2022-10-17,19.3,14.1,16.7,AEROPARQUE AERO
1607,2022-10-18,22.0,10.1,16.05,NUEVE DE JULIO
1243,2022-10-18,23.1,12.9,18.0,MORON AERO
878,2022-10-18,23.0,14.5,18.75,EL PALOMAR AERO
513,2022-10-18,23.0,15.0,19.0,BUENOS AIRES OBSERVATORIO
148,2022-10-18,21.1,14.8,17.950000000000003,AEROPARQUE AERO
1606,2022-10-19,25.5,10.8,18.15,NUEVE DE JULIO
1242,2022-10-19,24.2,16.8,20.5,MORON AERO
877,2022-10-19,23.9,17.3,20.6,EL PALOMAR AERO
512,2022-10-19,22.8,17.3,20.05,BUENOS AIRES OBSERVATORIO
147,2022-10-19,21.1,16.4,18.75,AEROPARQUE AERO
1605,2022-10-20,27.7,15.3,21.5,NUEVE DE JULIO
1241,2022-10-20,26.6,17.2,21.9,MORON AERO
876,2022-10-20,26.0,17.0,21.5,EL PALOMAR AERO
511,2022-10-20,25.4,18.7,22.05,BUENOS AIRES OBSERVATORIO
146,2022-10-20,21.5,17.3,19.4,AEROPARQUE AERO
1604,2022-10-21,25.1,10.8,17.950000000000003,NUEVE DE JULIO
1240,2022-10-21,25.9,13.4,19.65,MORON AERO
875,2022-10-21,25.4,12.0,18.7,EL PALOMAR AERO
510,2022-10-21,24.6,16.0,20.3,BUENOS AIRES OBSERVATORIO
145,2022-10-21,21.7,16.3,19.0,AEROPARQUE AERO
1603,2022-10-22,17.0,7.3,12.15,NUEVE DE JULIO
1239,2022-10-22,17.8,10.3,14.05,MORON AERO
874,2022-10-22,17.4,10.4,13.9,EL PALOMAR AERO
509,2022-10-22,16.7,10.6,13.65,BUENOS AIRES OBSERVATORIO
144,2022-10-22,17.1,10.8,13.95,AEROPARQUE AERO
1602,2022-10-23,22.9,4.9,13.9,NUEVE DE JULIO
1238,2022-10-23,20.9,6.9,13.9,MORON AERO
873,2022-10-23,19.8,5.0,12.4,EL PALOMAR AERO
508,2022-10-23,19.6,9.4,14.5,BUENOS AIRES OBSERVATORIO
143,2022-10-23,18.8,10.8,14.8,AEROPARQUE AERO
1601,2022-10-24,29.4,11.0,20.2,NUEVE DE JULIO
1237,2022-10-24,25.4,13.0,19.2,MORON AERO
872,2022-10-24,25.5,13.5,19.5,EL PALOMAR AERO
507,2022-10-24,24.8,15.1,19.95,BUENOS AIRES OBSERVATORIO
142,2022-10-24,24.1,15.3,19.700000000000003,AEROPARQUE AERO
1236,2022-10-25,27.5,17.4,22.45,MORON AERO
871,2022-10-25,27.5,14.0,20.75,EL PALOMAR AERO
506,2022-10-25,27.5,17.5,22.5,BUENOS AIRES OBSERVATORIO
141,2022-10-25,25.6,17.5,21.55,AEROPARQUE AERO
1600,2022-10-26,24.2,14.5,19.35,NUEVE DE JULIO
1235,2022-10-26,23.0,17.5,20.25,MORON AERO
870,2022-10-26,23.5,17.4,20.45,EL PALOMAR AERO
505,2022-10-26,24.0,17.6,20.8,BUENOS AIRES OBSERVATORIO
140,2022-10-26,24.7,17.1,20.9,AEROPARQUE AERO
1599,2022-10-27,27.6,11.1,19.35,NUEVE DE JULIO
1234,2022-10-27,28.0,13.3,20.65,MORON AERO
869,2022-10-27,28.0,14.5,21.25,EL PALOMAR AERO
504,2022-10-27,28.2,15.1,21.65,BUENOS AIRES OBSERVATORIO
139,2022-10-27,28.6,15.3,21.950000000000003,AEROPARQUE AERO
1598,2022-10-28,28.8,14.7,21.75,NUEVE DE JULIO
1233,2022-10-28,33.6,15.3,24.450000000000003,MORON AERO
868,2022-10-28,34.0,9.0,21.5,EL PALOMAR AERO
503,2022-10-28,34.8,18.4,26.6,BUENOS AIRES OBSERVATORIO
138,2022-10-28,34.6,17.2,25.9,AEROPARQUE AERO
1597,2022-10-29,26.1,11.6,18.85,NUEVE DE JULIO
1232,2022-10-29,30.8,17.4,24.1,MORON AERO
867,2022-10-29,30.2,13.6,21.9,EL PALOMAR AERO
502,2022-10-29,31.0,19.0,25.0,BUENOS AIRES OBSERVATORIO
137,2022-10-29,30.1,19.1,24.6,AEROPARQUE AERO
1596,2022-10-30,19.8,10.9,15.35,NUEVE DE JULIO
1231,2022-10-30,22.8,11.4,17.1,MORON AERO
866,2022-10-30,22.5,10.0,16.25,EL PALOMAR AERO
501,2022-10-30,22.6,11.4,17.0,BUENOS AIRES OBSERVATORIO
136,2022-10-30,22.2,11.4,16.8,AEROPARQUE AERO
1595,2022-10-31,19.0,5.3,12.15,NUEVE DE JULIO
1230,2022-10-31,17.0,5.4,11.2,MORON AERO
865,2022-10-31,17.0,6.4,11.7,EL PALOMAR AERO
500,2022-10-31,17.8,7.7,12.75,BUENOS AIRES OBSERVATORIO
135,2022-10-31,17.0,7.8,12.4,AEROPARQUE AERO
1594,2022-11-01,25.0,4.9,14.95,NUEVE DE JULIO
1229,2022-11-01,24.0,4.5,14.25,MORON AERO
864,2022-11-01,24.0,1.4,12.7,EL PALOMAR AERO
499,2022-11-01,22.5,6.6,14.55,BUENOS AIRES OBSERVATORIO
134,2022-11-01,19.9,9.3,14.6,AEROPARQUE AERO
1593,2022-11-02,28.0,9.3,18.65,NUEVE DE JULIO
1228,2022-11-02,27.6,10.9,19.25,MORON AERO
863,2022-11-02,27.0,6.0,16.5,EL PALOMAR AERO
498,2022-11-02,26.4,12.8,19.6,BUENOS AIRES OBSERVATORIO
133,2022-11-02,24.7,11.8,18.25,AEROPARQUE AERO
1592,2022-11-03,29.5,11.2,20.35,NUEVE DE JULIO
1227,2022-11-03,28.4,11.5,19.95,MORON AERO
862,2022-11-03,27.2,6.4,16.8,EL PALOMAR AERO
497,2022-11-03,26.7,12.4,19.55,BUENOS AIRES OBSERVATORIO
132,2022-11-03,23.7,16.2,19.95,AEROPARQUE AERO
1591,2022-11-04,29.2,10.2,19.7,NUEVE DE JULIO
1226,2022-11-04,24.4,15.4,19.9,MORON AERO
861,2022-11-04,24.0,15.3,19.65,EL PALOMAR AERO
496,2022-11-04,23.8,15.6,19.7,BUENOS AIRES OBSERVATORIO
131,2022-11-04,22.8,14.8,18.8,AEROPARQUE AERO
1590,2022-11-05,27.5,11.9,19.7,NUEVE DE JULIO
1225,2022-11-05,24.4,15.4,19.9,MORON AERO
860,2022-11-05,24.5,15.5,20.0,EL PALOMAR AERO
495,2022-11-05,24.5,16.0,20.25,BUENOS AIRES OBSERVATORIO
130,2022-11-05,23.1,15.8,19.450000000000003,AEROPARQUE AERO
1589,2022-11-06,29.0,12.6,20.8,NUEVE DE JULIO
1224,2022-11-06,25.4,15.3,20.35,MORON AERO
859,2022-11-06,25.5,16.4,20.95,EL PALOMAR AERO
494,2022-11-06,25.4,16.5,20.95,BUENOS AIRES OBSERVATORIO
129,2022-11-06,23.6,16.0,19.8,AEROPARQUE AERO
1588,2022-11-07,29.5,13.1,21.3,NUEVE DE JULIO
1223,2022-11-07,26.0,16.9,21.45,MORON AERO
858,2022-11-07,26.0,16.5,21.25,EL PALOMAR AERO
493,2022-11-07,25.7,17.5,21.6,BUENOS AIRES OBSERVATORIO
128,2022-11-07,24.4,16.0,20.2,AEROPARQUE AERO
1587,2022-11-08,29.4,12.7,21.05,NUEVE DE JULIO
1222,2022-11-08,25.6,15.5,20.55,MORON AERO
857,2022-11-08,25.8,14.5,20.15,EL PALOMAR AERO
492,2022-11-08,25.8,16.0,20.9,BUENOS AIRES OBSERVATORIO
127,2022-11-08,24.5,15.8,20.15,AEROPARQUE AERO
1586,2022-11-09,30.0,13.2,21.6,NUEVE DE JULIO
1221,2022-11-09,26.8,16.7,21.75,MORON AERO
856,2022-11-09,26.5,15.8,21.15,EL PALOMAR AERO
491,2022-11-09,26.0,17.0,21.5,BUENOS AIRES OBSERVATORIO
126,2022-11-09,24.1,16.6,20.35,AEROPARQUE AERO
1585,2022-11-10,27.0,14.9,20.95,NUEVE DE JULIO
1220,2022-11-10,27.2,17.8,22.5,MORON AERO
855,2022-11-10,27.5,17.5,22.5,EL PALOMAR AERO
490,2022-11-10,27.6,17.5,22.55,BUENOS AIRES OBSERVATORIO
125,2022-11-10,25.6,17.3,21.450000000000003,AEROPARQUE AERO
1584,2022-11-11,28.1,14.8,21.450000000000003,NUEVE DE JULIO
1219,2022-11-11,30.5,15.5,23.0,MORON AERO
854,2022-11-11,30.1,13.6,21.85,EL PALOMAR AERO
489,2022-11-11,29.8,18.0,23.9,BUENOS AIRES OBSERVATORIO
124,2022-11-11,27.6,18.8,23.200000000000003,AEROPARQUE AERO
1583,2022-11-12,25.7,15.3,20.5,NUEVE DE JULIO
1218,2022-11-12,27.0,20.5,23.75,MORON AERO
853,2022-11-12,28.0,19.5,23.75,EL PALOMAR AERO
488,2022-11-12,28.0,20.4,24.2,BUENOS AIRES OBSERVATORIO
123,2022-11-12,26.8,20.2,23.5,AEROPARQUE AERO
1582,2022-11-13,25.0,16.3,20.65,NUEVE DE JULIO
1217,2022-11-13,26.5,18.5,22.5,MORON AERO
852,2022-11-13,26.0,17.8,21.9,EL PALOMAR AERO
487,2022-11-13,26.5,18.8,22.65,BUENOS AIRES OBSERVATORIO
122,2022-11-13,25.1,18.7,21.9,AEROPARQUE AERO
1581,2022-11-14,26.0,13.4,19.7,NUEVE DE JULIO
1216,2022-11-14,23.6,15.5,19.55,MORON AERO
851,2022-11-14,23.8,15.7,19.75,EL PALOMAR AERO
486,2022-11-14,22.7,16.0,19.35,BUENOS AIRES OBSERVATORIO
121,2022-11-14,23.5,15.6,19.55,AEROPARQUE AERO
1580,2022-11-15,31.8,12.5,22.15,NUEVE DE JULIO
1215,2022-11-15,32.6,14.5,23.55,MORON AERO
850,2022-11-15,32.4,11.0,21.7,EL PALOMAR AERO
485,2022-11-15,32.8,15.0,23.9,BUENOS AIRES OBSERVATORIO
120,2022-11-15,32.7,16.3,24.5,AEROPARQUE AERO
1579,2022-11-16,36.0,16.3,26.15,NUEVE DE JULIO
1214,2022-11-16,36.4,17.3,26.85,MORON AERO
849,2022-11-16,35.0,12.8,23.9,EL PALOMAR AERO
484,2022-11-16,34.0,17.0,25.5,BUENOS AIRES OBSERVATORIO
119,2022-11-16,29.6,19.4,24.5,AEROPARQUE AERO
1578,2022-11-17,27.6,19.1,23.35,NUEVE DE JULIO
1213,2022-11-17,31.2,22.2,26.7,MORON AERO
848,2022-11-17,31.2,22.5,26.85,EL PALOMAR AERO
483,2022-11-17,31.0,22.9,26.95,BUENOS AIRES OBSERVATORIO
118,2022-11-17,29.6,21.1,25.35,AEROPARQUE AERO
1577,2022-11-18,33.6,18.3,25.950000000000003,NUEVE DE JULIO
1212,2022-11-18,31.5,21.1,26.3,MORON AERO
847,2022-11-18,31.5,22.2,26.85,EL PALOMAR AERO
482,2022-11-18,30.3,22.4,26.35,BUENOS AIRES OBSERVATORIO
117,2022-11-18,28.0,21.3,24.65,AEROPARQUE AERO
1576,2022-11-19,30.0,16.8,23.4,NUEVE DE JULIO
1211,2022-11-19,33.2,23.6,28.4,MORON AERO
846,2022-11-19,32.5,22.0,27.25,EL PALOMAR AERO
481,2022-11-19,31.5,23.7,27.6,BUENOS AIRES OBSERVATORIO
116,2022-11-19,29.8,22.5,26.15,AEROPARQUE AERO
1575,2022-11-20,24.6,15.9,20.25,NUEVE DE JULIO
1210,2022-11-20,27.5,20.5,24.0,MORON AERO
845,2022-11-20,28.0,19.5,23.75,EL PALOMAR AERO
480,2022-11-20,29.6,19.8,24.700000000000003,BUENOS AIRES OBSERVATORIO
115,2022-11-20,29.5,17.8,23.65,AEROPARQUE AERO
1574,2022-11-21,20.7,10.9,15.8,NUEVE DE JULIO
1209,2022-11-21,20.6,14.5,17.55,MORON AERO
844,2022-11-21,20.0,14.5,17.25,EL PALOMAR AERO
479,2022-11-21,19.8,15.5,17.65,BUENOS AIRES OBSERVATORIO
114,2022-11-21,19.6,14.7,17.15,AEROPARQUE AERO
1573,2022-11-22,25.0,8.2,16.6,NUEVE DE JULIO
1208,2022-11-22,24.0,12.0,18.0,MORON AERO
843,2022-11-22,24.0,12.8,18.4,EL PALOMAR AERO
478,2022-11-22,24.7,14.2,19.45,BUENOS AIRES OBSERVATORIO
113,2022-11-22,24.2,13.3,18.75,AEROPARQUE AERO
1572,2022-11-23,34.5,11.9,23.2,NUEVE DE JULIO
1207,2022-11-23,32.0,13.5,22.75,MORON AERO
842,2022-11-23,31.2,8.5,19.85,EL PALOMAR AERO
477,2022-11-23,30.5,13.6,22.05,BUENOS AIRES OBSERVATORIO
112,2022-11-23,28.6,14.8,21.700000000000003,AEROPARQUE AERO
1571,2022-11-24,34.0,16.0,25.0,NUEVE DE JULIO
1206,2022-11-24,38.0,18.1,28.05,MORON AERO
841,2022-11-24,37.0,17.4,27.2,EL PALOMAR AERO
476,2022-11-24,34.5,19.6,27.05,BUENOS AIRES OBSERVATORIO
111,2022-11-24,31.9,18.5,25.2,AEROPARQUE AERO
1570,2022-11-25,32.5,12.4,22.45,NUEVE DE JULIO
1205,2022-11-25,28.2,16.9,22.55,MORON AERO
840,2022-11-25,28.5,16.4,22.45,EL PALOMAR AERO
475,2022-11-25,29.4,16.2,22.8,BUENOS AIRES OBSERVATORIO
110,2022-11-25,29.8,17.2,23.5,AEROPARQUE AERO
1569,2022-11-26,38.4,16.6,27.5,NUEVE DE JULIO
1204,2022-11-26,33.6,20.3,26.950000000000003,MORON AERO
839,2022-11-26,33.6,20.4,27.0,EL PALOMAR AERO
474,2022-11-26,32.7,20.2,26.450000000000003,BUENOS AIRES OBSERVATORIO
109,2022-11-26,28.4,20.1,24.25,AEROPARQUE AERO
1568,2022-11-27,35.4,18.2,26.8,NUEVE DE JULIO
1203,2022-11-27,32.4,21.9,27.15,MORON AERO
838,2022-11-27,32.5,21.9,27.2,EL PALOMAR AERO
473,2022-11-27,31.4,22.2,26.8,BUENOS AIRES OBSERVATORIO
108,2022-11-27,29.1,21.7,25.4,AEROPARQUE AERO
1567,2022-11-28,36.5,18.4,27.45,NUEVE DE JULIO
1202,2022-11-28,33.0,23.1,28.05,MORON AERO
837,2022-11-28,32.5,22.6,27.55,EL PALOMAR AERO
472,2022-11-28,31.7,21.4,26.55,BUENOS AIRES OBSERVATORIO
107,2022-11-28,30.0,22.3,26.15,AEROPARQUE AERO
1566,2022-11-29,37.4,21.1,29.25,NUEVE DE JULIO
1201,2022-11-29,33.8,23.1,28.45,MORON AERO
836,2022-11-29,33.5,22.7,28.1,EL PALOMAR AERO
471,2022-11-29,33.0,23.1,28.05,BUENOS AIRES OBSERVATORIO
106,2022-11-29,32.1,22.7,27.4,AEROPARQUE AERO
1565,2022-11-30,28.0,18.9,23.45,NUEVE DE JULIO
1200,2022-11-30,31.7,21.6,26.65,MORON AERO
835,2022-11-30,31.0,21.8,26.4,EL PALOMAR AERO
470,2022-11-30,30.5,23.0,26.75,BUENOS AIRES OBSERVATORIO
105,2022-11-30,28.1,23.4,25.75,AEROPARQUE AERO
1564,2022-12-01,26.7,14.3,20.5,NUEVE DE JULIO
1199,2022-12-01,24.4,17.9,21.15,MORON AERO
834,2022-12-01,24.4,17.8,21.1,EL PALOMAR AERO
469,2022-12-01,24.4,17.9,21.15,BUENOS AIRES OBSERVATORIO
104,2022-12-01,24.4,17.8,21.1,AEROPARQUE AERO
1563,2022-12-02,29.8,13.6,21.7,NUEVE DE JULIO
1198,2022-12-02,28.8,13.1,20.95,MORON AERO
833,2022-12-02,28.0,14.0,21.0,EL PALOMAR AERO
468,2022-12-02,27.0,15.4,21.2,BUENOS AIRES OBSERVATORIO
103,2022-12-02,24.3,15.6,19.95,AEROPARQUE AERO
1562,2022-12-03,33.3,13.9,23.6,NUEVE DE JULIO
1197,2022-12-03,28.4,15.8,22.1,MORON AERO
832,2022-12-03,30.0,15.2,22.6,EL PALOMAR AERO
467,2022-12-03,27.0,19.0,23.0,BUENOS AIRES OBSERVATORIO
102,2022-12-03,25.6,18.6,22.1,AEROPARQUE AERO
1561,2022-12-04,36.6,16.3,26.450000000000003,NUEVE DE JULIO
1196,2022-12-04,34.5,14.4,24.45,MORON AERO
831,2022-12-04,34.3,13.0,23.65,EL PALOMAR AERO
466,2022-12-04,32.5,17.6,25.05,BUENOS AIRES OBSERVATORIO
101,2022-12-04,28.7,18.8,23.75,AEROPARQUE AERO
1560,2022-12-05,39.5,19.8,29.65,NUEVE DE JULIO
1195,2022-12-05,36.0,22.3,29.15,MORON AERO
830,2022-12-05,35.0,18.4,26.7,EL PALOMAR AERO
465,2022-12-05,34.1,22.3,28.200000000000003,BUENOS AIRES OBSERVATORIO
100,2022-12-05,31.6,23.1,27.35,AEROPARQUE AERO
1559,2022-12-06,38.3,22.2,30.25,NUEVE DE JULIO
1194,2022-12-06,36.4,23.6,30.0,MORON AERO
829,2022-12-06,35.5,22.2,28.85,EL PALOMAR AERO
464,2022-12-06,35.0,23.0,29.0,BUENOS AIRES OBSERVATORIO
99,2022-12-06,32.9,23.2,28.05,AEROPARQUE AERO
1558,2022-12-07,32.3,20.3,26.3,NUEVE DE JULIO
1193,2022-12-07,33.6,25.3,29.450000000000003,MORON AERO
828,2022-12-07,34.1,23.5,28.8,EL PALOMAR AERO
463,2022-12-07,34.0,25.7,29.85,BUENOS AIRES OBSERVATORIO
98,2022-12-07,33.3,25.3,29.3,AEROPARQUE AERO
1557,2022-12-08,35.0,18.7,26.85,NUEVE DE JULIO
1192,2022-12-08,36.0,20.7,28.35,MORON AERO
827,2022-12-08,36.6,21.0,28.8,EL PALOMAR AERO
462,2022-12-08,36.1,22.0,29.05,BUENOS AIRES OBSERVATORIO
97,2022-12-08,34.8,21.1,27.95,AEROPARQUE AERO
1556,2022-12-09,38.2,20.5,29.35,NUEVE DE JULIO
1191,2022-12-09,38.5,22.7,30.6,MORON AERO
826,2022-12-09,38.5,19.6,29.05,EL PALOMAR AERO
461,2022-12-09,38.2,23.7,30.950000000000003,BUENOS AIRES OBSERVATORIO
96,2022-12-09,34.6,22.4,28.5,AEROPARQUE AERO
1555,2022-12-10,35.0,15.9,25.45,NUEVE DE JULIO
1190,2022-12-10,31.0,20.3,25.65,MORON AERO
825,2022-12-10,31.0,20.9,25.95,EL PALOMAR AERO
460,2022-12-10,29.8,21.6,25.700000000000003,BUENOS AIRES OBSERVATORIO
95,2022-12-10,28.0,21.6,24.8,AEROPARQUE AERO
1554,2022-12-11,36.2,20.4,28.3,NUEVE DE JULIO
1189,2022-12-11,38.0,23.5,30.75,MORON AERO
824,2022-12-11,38.4,22.8,30.6,EL PALOMAR AERO
459,2022-12-11,37.7,23.1,30.4,BUENOS AIRES OBSERVATORIO
94,2022-12-11,35.9,23.8,29.85,AEROPARQUE AERO
1553,2022-12-12,29.9,13.8,21.85,NUEVE DE JULIO
1188,2022-12-12,30.0,16.3,23.15,MORON AERO
823,2022-12-12,29.0,15.4,22.2,EL PALOMAR AERO
458,2022-12-12,28.5,18.2,23.35,BUENOS AIRES OBSERVATORIO
93,2022-12-12,27.6,18.4,23.0,AEROPARQUE AERO
1552,2022-12-13,30.4,12.4,21.4,NUEVE DE JULIO
1187,2022-12-13,30.0,13.5,21.75,MORON AERO
822,2022-12-13,29.5,13.0,21.25,EL PALOMAR AERO
457,2022-12-13,27.5,15.9,21.7,BUENOS AIRES OBSERVATORIO
92,2022-12-13,26.5,16.8,21.65,AEROPARQUE AERO
1551,2022-12-14,36.8,17.3,27.05,NUEVE DE JULIO
1186,2022-12-14,33.9,19.9,26.9,MORON AERO
821,2022-12-14,33.0,17.2,25.1,EL PALOMAR AERO
456,2022-12-14,32.4,21.5,26.95,BUENOS AIRES OBSERVATORIO
91,2022-12-14,30.7,20.5,25.6,AEROPARQUE AERO
1550,2022-12-15,31.2,17.4,24.3,NUEVE DE JULIO
1185,2022-12-15,29.9,18.1,24.0,MORON AERO
820,2022-12-15,29.3,18.1,23.700000000000003,EL PALOMAR AERO
455,2022-12-15,29.7,18.1,23.9,BUENOS AIRES OBSERVATORIO
90,2022-12-15,29.1,18.6,23.85,AEROPARQUE AERO
1549,2022-12-16,29.2,13.3,21.25,NUEVE DE JULIO
1184,2022-12-16,24.8,15.3,20.05,MORON AERO
819,2022-12-16,24.5,15.5,20.0,EL PALOMAR AERO
454,2022-12-16,24.6,16.3,20.450000000000003,BUENOS AIRES OBSERVATORIO
89,2022-12-16,23.1,17.3,20.200000000000003,AEROPARQUE AERO
1548,2022-12-17,29.1,11.9,20.5,NUEVE DE JULIO
1183,2022-12-17,26.5,14.6,20.55,MORON AERO
818,2022-12-17,26.5,16.6,21.55,EL PALOMAR AERO
453,2022-12-17,26.1,17.6,21.85,BUENOS AIRES OBSERVATORIO
88,2022-12-17,25.1,17.4,21.25,AEROPARQUE AERO
1547,2022-12-18,32.1,14.8,23.450000000000003,NUEVE DE JULIO
1182,2022-12-18,28.4,19.3,23.85,MORON AERO
817,2022-12-18,28.5,19.1,23.8,EL PALOMAR AERO
452,2022-12-18,28.2,19.7,23.95,BUENOS AIRES OBSERVATORIO
87,2022-12-18,27.2,19.5,23.35,AEROPARQUE AERO
1546,2022-12-19,33.5,15.8,24.65,NUEVE DE JULIO
1181,2022-12-19,30.2,20.4,25.3,MORON AERO
816,2022-12-19,30.0,20.5,25.25,EL PALOMAR AERO
451,2022-12-19,30.4,21.2,25.8,BUENOS AIRES OBSERVATORIO
86,2022-12-19,27.8,20.4,24.1,AEROPARQUE AERO
1545,2022-12-20,34.4,17.3,25.85,NUEVE DE JULIO
1180,2022-12-20,31.3,21.3,26.3,MORON AERO
815,2022-12-20,31.5,22.0,26.75,EL PALOMAR AERO
450,2022-12-20,31.0,21.7,26.35,BUENOS AIRES OBSERVATORIO
85,2022-12-20,29.6,21.6,25.6,AEROPARQUE AERO
1544,2022-12-21,33.4,18.9,26.15,NUEVE DE JULIO
1179,2022-12-21,31.0,20.9,25.95,MORON AERO
814,2022-12-21,30.7,21.2,25.95,EL PALOMAR AERO
449,2022-12-21,30.2,21.4,25.8,BUENOS AIRES OBSERVATORIO
84,2022-12-21,28.1,20.8,24.450000000000003,AEROPARQUE AERO
1543,2022-12-22,35.4,18.2,26.8,NUEVE DE JULIO
1178,2022-12-22,33.0,22.5,27.75,MORON AERO
813,2022-12-22,33.0,22.0,27.5,EL PALOMAR AERO
448,2022-12-22,32.2,22.4,27.3,BUENOS AIRES OBSERVATORIO
83,2022-12-22,30.1,21.7,25.9,AEROPARQUE AERO
1542,2022-12-23,30.4,19.6,25.0,NUEVE DE JULIO
1177,2022-12-23,29.0,20.5,24.75,MORON AERO
812,2022-12-23,29.0,20.4,24.7,EL PALOMAR AERO
447,2022-12-23,28.3,20.6,24.450000000000003,BUENOS AIRES OBSERVATORIO
82,2022-12-23,27.1,21.1,24.1,AEROPARQUE AERO
1541,2022-12-24,25.5,14.6,20.05,NUEVE DE JULIO
1176,2022-12-24,24.5,17.3,20.9,MORON AERO
811,2022-12-24,24.2,17.8,21.0,EL PALOMAR AERO
446,2022-12-24,24.4,17.8,21.1,BUENOS AIRES OBSERVATORIO
81,2022-12-24,24.2,17.5,20.85,AEROPARQUE AERO
1540,2022-12-25,26.5,11.3,18.9,NUEVE DE JULIO
1175,2022-12-25,24.7,10.4,17.55,MORON AERO
810,2022-12-25,25.0,8.7,16.85,EL PALOMAR AERO
445,2022-12-25,25.2,11.8,18.5,BUENOS AIRES OBSERVATORIO
80,2022-12-25,24.1,13.7,18.9,AEROPARQUE AERO
1539,2022-12-26,30.8,13.7,22.25,NUEVE DE JULIO
1174,2022-12-26,29.5,14.1,21.8,MORON AERO
809,2022-12-26,29.4,10.0,19.7,EL PALOMAR AERO
444,2022-12-26,29.6,15.2,22.4,BUENOS AIRES OBSERVATORIO
79,2022-12-26,26.6,16.8,21.700000000000003,AEROPARQUE AERO
1538,2022-12-27,34.1,16.1,25.1,NUEVE DE JULIO
1173,2022-12-27,31.9,17.8,24.85,MORON AERO
808,2022-12-27,31.5,14.0,22.75,EL PALOMAR AERO
443,2022-12-27,31.1,19.4,25.25,BUENOS AIRES OBSERVATORIO
78,2022-12-27,29.7,19.2,24.45,AEROPARQUE AERO
1537,2022-12-28,30.9,11.3,21.1,NUEVE DE JULIO
1172,2022-12-28,31.5,21.4,26.45,MORON AERO
807,2022-12-28,31.0,20.0,25.5,EL PALOMAR AERO
442,2022-12-28,31.0,22.3,26.65,BUENOS AIRES OBSERVATORIO
77,2022-12-28,31.1,20.8,25.950000000000003,AEROPARQUE AERO
1536,2022-12-29,32.6,14.4,23.5,NUEVE DE JULIO
1171,2022-12-29,30.7,14.9,22.8,MORON AERO
806,2022-12-29,30.6,13.5,22.05,EL PALOMAR AERO
441,2022-12-29,30.6,16.1,23.35,BUENOS AIRES OBSERVATORIO
76,2022-12-29,27.5,18.7,23.1,AEROPARQUE AERO
1535,2022-12-30,38.8,18.7,28.75,NUEVE DE JULIO
1170,2022-12-30,37.8,19.7,28.75,MORON AERO
805,2022-12-30,37.5,19.3,28.4,EL PALOMAR AERO
440,2022-12-30,36.8,20.6,28.7,BUENOS AIRES OBSERVATORIO
75,2022-12-30,35.1,21.3,28.200000000000003,AEROPARQUE AERO
1534,2022-12-31,34.2,17.8,26.0,NUEVE DE JULIO
1169,2022-12-31,31.6,21.1,26.35,MORON AERO
804,2022-12-31,31.0,22.0,26.5,EL PALOMAR AERO
439,2022-12-31,32.0,22.5,27.25,BUENOS AIRES OBSERVATORIO
74,2022-12-31,31.6,22.2,26.9,AEROPARQUE AERO
1533,2023-01-01,27.9,17.6,22.75,NUEVE DE JULIO
1168,2023-01-01,27.0,19.3,23.15,MORON AERO
803,2023-01-01,25.5,19.0,22.25,EL PALOMAR AERO
438,2023-01-01,26.9,20.2,23.55,BUENOS AIRES OBSERVATORIO
73,2023-01-01,26.6,19.5,23.05,AEROPARQUE AERO
1532,2023-01-02,30.8,13.7,22.25,NUEVE DE JULIO
1167,2023-01-02,30.3,16.3,23.3,MORON AERO
802,2023-01-02,30.0,16.5,23.25,EL PALOMAR AERO
437,2023-01-02,30.5,17.1,23.8,BUENOS AIRES OBSERVATORIO
72,2023-01-02,30.7,16.9,23.8,AEROPARQUE AERO
1531,2023-01-03,29.5,17.6,23.55,NUEVE DE JULIO
1166,2023-01-03,32.4,18.3,25.35,MORON AERO
801,2023-01-03,32.6,16.8,24.700000000000003,EL PALOMAR AERO
436,2023-01-03,32.9,19.7,26.3,BUENOS AIRES OBSERVATORIO
71,2023-01-03,32.6,19.0,25.8,AEROPARQUE AERO
1530,2023-01-04,33.6,15.2,24.4,NUEVE DE JULIO
1165,2023-01-04,31.4,16.3,23.85,MORON AERO
800,2023-01-04,31.5,12.0,21.75,EL PALOMAR AERO
435,2023-01-04,31.2,15.8,23.5,BUENOS AIRES OBSERVATORIO
70,2023-01-04,28.1,18.8,23.450000000000003,AEROPARQUE AERO
1529,2023-01-05,35.2,16.4,25.8,NUEVE DE JULIO
1164,2023-01-05,33.1,19.2,26.15,MORON AERO
799,2023-01-05,33.0,18.8,25.9,EL PALOMAR AERO
434,2023-01-05,32.7,19.8,26.25,BUENOS AIRES OBSERVATORIO
69,2023-01-05,31.9,20.0,25.95,AEROPARQUE AERO
1528,2023-01-06,36.7,19.2,27.950000000000003,NUEVE DE JULIO
1163,2023-01-06,34.0,21.1,27.55,MORON AERO
798,2023-01-06,33.9,22.0,27.95,EL PALOMAR AERO
433,2023-01-06,33.9,23.5,28.7,BUENOS AIRES OBSERVATORIO
68,2023-01-06,32.1,23.3,27.700000000000003,AEROPARQUE AERO
1527,2023-01-07,37.0,20.1,28.55,NUEVE DE JULIO
1162,2023-01-07,33.1,22.7,27.9,MORON AERO
797,2023-01-07,33.0,23.0,28.0,EL PALOMAR AERO
432,2023-01-07,32.8,23.4,28.1,BUENOS AIRES OBSERVATORIO
67,2023-01-07,30.6,22.5,26.55,AEROPARQUE AERO
1526,2023-01-08,36.8,18.3,27.55,NUEVE DE JULIO
1161,2023-01-08,32.8,23.0,27.9,MORON AERO
796,2023-01-08,32.5,23.0,27.75,EL PALOMAR AERO
431,2023-01-08,32.2,23.2,27.700000000000003,BUENOS AIRES OBSERVATORIO
66,2023-01-08,29.6,22.8,26.200000000000003,AEROPARQUE AERO
1525,2023-01-09,36.5,17.6,27.05,NUEVE DE JULIO
1160,2023-01-09,33.9,22.0,27.95,MORON AERO
795,2023-01-09,33.0,22.8,27.9,EL PALOMAR AERO
430,2023-01-09,32.2,23.2,27.700000000000003,BUENOS AIRES OBSERVATORIO
65,2023-01-09,29.1,22.5,25.8,AEROPARQUE AERO
1524,2023-01-10,38.0,16.9,27.45,NUEVE DE JULIO
1159,2023-01-10,35.4,21.6,28.5,MORON AERO
794,2023-01-10,34.8,22.5,28.65,EL PALOMAR AERO
429,2023-01-10,33.6,23.0,28.3,BUENOS AIRES OBSERVATORIO
64,2023-01-10,29.9,22.6,26.25,AEROPARQUE AERO
1523,2023-01-11,29.8,20.4,25.1,NUEVE DE JULIO
1158,2023-01-11,27.5,21.4,24.45,MORON AERO
793,2023-01-11,28.5,20.5,24.5,EL PALOMAR AERO
428,2023-01-11,28.0,22.7,25.35,BUENOS AIRES OBSERVATORIO
63,2023-01-11,28.6,23.4,26.0,AEROPARQUE AERO
1522,2023-01-12,29.5,16.4,22.95,NUEVE DE JULIO
1157,2023-01-12,30.0,16.7,23.35,MORON AERO
792,2023-01-12,30.0,16.1,23.05,EL PALOMAR AERO
427,2023-01-12,30.1,18.0,24.05,BUENOS AIRES OBSERVATORIO
62,2023-01-12,30.6,18.2,24.4,AEROPARQUE AERO
1521,2023-01-13,31.2,15.0,23.1,NUEVE DE JULIO
1156,2023-01-13,30.7,17.9,24.3,MORON AERO
791,2023-01-13,30.5,14.4,22.45,EL PALOMAR AERO
426,2023-01-13,31.6,18.6,25.1,BUENOS AIRES OBSERVATORIO
61,2023-01-13,30.8,21.5,26.15,AEROPARQUE AERO
1520,2023-01-14,34.7,14.8,24.75,NUEVE DE JULIO
1155,2023-01-14,32.8,17.4,25.1,MORON AERO
790,2023-01-14,33.0,13.0,23.0,EL PALOMAR AERO
425,2023-01-14,32.2,20.7,26.450000000000003,BUENOS AIRES OBSERVATORIO
60,2023-01-14,31.0,20.3,25.65,AEROPARQUE AERO
1519,2023-01-15,36.6,17.7,27.15,NUEVE DE JULIO
1154,2023-01-15,36.0,19.3,27.65,MORON AERO
789,2023-01-15,35.5,12.8,24.15,EL PALOMAR AERO
424,2023-01-15,34.9,20.4,27.65,BUENOS AIRES OBSERVATORIO
59,2023-01-15,33.1,23.5,28.3,AEROPARQUE AERO
1518,2023-01-16,36.1,18.3,27.200000000000003,NUEVE DE JULIO
1153,2023-01-16,37.4,24.9,31.15,MORON AERO
788,2023-01-16,37.0,24.3,30.65,EL PALOMAR AERO
423,2023-01-16,36.5,24.9,30.7,BUENOS AIRES OBSERVATORIO
58,2023-01-16,32.7,24.8,28.75,AEROPARQUE AERO
1517,2023-01-17,38.2,20.8,29.5,NUEVE DE JULIO
1152,2023-01-17,37.0,26.2,31.6,MORON AERO
787,2023-01-17,36.3,26.0,31.15,EL PALOMAR AERO
422,2023-01-17,36.0,25.9,30.95,BUENOS AIRES OBSERVATORIO
57,2023-01-17,34.2,25.8,30.0,AEROPARQUE AERO
1516,2023-01-18,31.0,22.6,26.8,NUEVE DE JULIO
1151,2023-01-18,30.0,22.9,26.45,MORON AERO
786,2023-01-18,29.5,22.6,26.05,EL PALOMAR AERO
421,2023-01-18,29.7,23.1,26.4,BUENOS AIRES OBSERVATORIO
56,2023-01-18,29.0,22.4,25.7,AEROPARQUE AERO
1515,2023-01-19,37.0,19.2,28.1,NUEVE DE JULIO
1150,2023-01-19,34.3,24.7,29.5,MORON AERO
785,2023-01-19,33.9,23.3,28.6,EL PALOMAR AERO
420,2023-01-19,32.7,24.0,28.35,BUENOS AIRES OBSERVATORIO
55,2023-01-19,30.6,23.6,27.1,AEROPARQUE AERO
1514,2023-01-20,31.3,20.9,26.1,NUEVE DE JULIO
1149,2023-01-20,33.0,20.6,26.8,MORON AERO
784,2023-01-20,33.0,21.2,27.1,EL PALOMAR AERO
419,2023-01-20,33.0,22.0,27.5,BUENOS AIRES OBSERVATORIO
54,2023-01-20,31.6,21.3,26.450000000000003,AEROPARQUE AERO
1513,2023-01-21,33.1,17.8,25.450000000000003,NUEVE DE JULIO
1148,2023-01-21,32.5,19.5,26.0,MORON AERO
783,2023-01-21,32.5,20.6,26.55,EL PALOMAR AERO
418,2023-01-21,32.5,21.8,27.15,BUENOS AIRES OBSERVATORIO
53,2023-01-21,32.6,21.9,27.25,AEROPARQUE AERO
1512,2023-01-22,35.5,18.9,27.2,NUEVE DE JULIO
1147,2023-01-22,34.5,18.9,26.7,MORON AERO
782,2023-01-22,35.2,17.4,26.3,EL PALOMAR AERO
417,2023-01-22,35.4,19.4,27.4,BUENOS AIRES OBSERVATORIO
52,2023-01-22,35.2,22.5,28.85,AEROPARQUE AERO
1511,2023-01-23,33.8,18.2,26.0,NUEVE DE JULIO
1146,2023-01-23,32.6,20.8,26.700000000000003,MORON AERO
781,2023-01-23,34.0,19.0,26.5,EL PALOMAR AERO
416,2023-01-23,31.7,21.0,26.35,BUENOS AIRES OBSERVATORIO
51,2023-01-23,29.5,22.3,25.9,AEROPARQUE AERO
1510,2023-01-24,32.4,18.5,25.45,NUEVE DE JULIO
1145,2023-01-24,33.8,22.0,27.9,MORON AERO
780,2023-01-24,35.1,21.6,28.35,EL PALOMAR AERO
415,2023-01-24,34.6,23.0,28.8,BUENOS AIRES OBSERVATORIO
50,2023-01-24,33.6,23.0,28.3,AEROPARQUE AERO
1509,2023-01-25,32.0,15.3,23.65,NUEVE DE JULIO
1144,2023-01-25,34.6,19.5,27.05,MORON AERO
779,2023-01-25,34.2,19.6,26.9,EL PALOMAR AERO
414,2023-01-25,34.2,20.7,27.450000000000003,BUENOS AIRES OBSERVATORIO
49,2023-01-25,32.6,20.9,26.75,AEROPARQUE AERO
1508,2023-01-26,34.3,20.8,27.55,NUEVE DE JULIO
1143,2023-01-26,32.5,22.6,27.55,MORON AERO
778,2023-01-26,32.5,24.5,28.5,EL PALOMAR AERO
413,2023-01-26,32.2,25.0,28.6,BUENOS AIRES OBSERVATORIO
48,2023-01-26,31.7,24.8,28.25,AEROPARQUE AERO
1507,2023-01-27,29.4,17.9,23.65,NUEVE DE JULIO
1142,2023-01-27,30.2,19.9,25.05,MORON AERO
777,2023-01-27,28.5,20.0,24.25,EL PALOMAR AERO
412,2023-01-27,28.8,20.9,24.85,BUENOS AIRES OBSERVATORIO
47,2023-01-27,27.7,20.0,23.85,AEROPARQUE AERO
1506,2023-01-28,33.0,19.8,26.4,NUEVE DE JULIO
1141,2023-01-28,32.4,18.9,25.65,MORON AERO
776,2023-01-28,33.4,18.0,25.7,EL PALOMAR AERO
411,2023-01-28,32.1,20.8,26.450000000000003,BUENOS AIRES OBSERVATORIO
46,2023-01-28,29.3,21.8,25.55,AEROPARQUE AERO
1505,2023-01-29,31.6,19.9,25.75,NUEVE DE JULIO
1140,2023-01-29,31.7,21.7,26.7,MORON AERO
775,2023-01-29,30.3,20.3,25.3,EL PALOMAR AERO
410,2023-01-29,29.5,22.5,26.0,BUENOS AIRES OBSERVATORIO
45,2023-01-29,28.5,23.3,25.9,AEROPARQUE AERO
1504,2023-01-30,31.2,15.7,23.45,NUEVE DE JULIO
1139,2023-01-30,30.6,18.7,24.65,MORON AERO
774,2023-01-30,30.5,21.6,26.05,EL PALOMAR AERO
409,2023-01-30,30.0,21.6,25.8,BUENOS AIRES OBSERVATORIO
44,2023-01-30,27.6,21.6,24.6,AEROPARQUE AERO
1503,2023-01-31,32.1,17.9,25.0,NUEVE DE JULIO
1138,2023-01-31,31.8,21.6,26.700000000000003,MORON AERO
773,2023-01-31,31.9,19.8,25.85,EL PALOMAR AERO
408,2023-01-31,30.7,22.0,26.35,BUENOS AIRES OBSERVATORIO
43,2023-01-31,28.6,23.1,25.85,AEROPARQUE AERO
1502,2023-02-01,27.0,20.1,23.55,NUEVE DE JULIO
1137,2023-02-01,28.4,21.3,24.85,MORON AERO
772,2023-02-01,28.0,23.2,25.6,EL PALOMAR AERO
407,2023-02-01,28.1,23.7,25.9,BUENOS AIRES OBSERVATORIO
42,2023-02-01,27.4,23.2,25.3,AEROPARQUE AERO
1501,2023-02-02,27.4,19.4,23.4,NUEVE DE JULIO
1136,2023-02-02,26.1,22.3,24.200000000000003,MORON AERO
771,2023-02-02,27.4,21.4,24.4,EL PALOMAR AERO
406,2023-02-02,28.0,21.6,24.8,BUENOS AIRES OBSERVATORIO
41,2023-02-02,27.0,22.2,24.6,AEROPARQUE AERO
1500,2023-02-03,28.8,16.6,22.700000000000003,NUEVE DE JULIO
1135,2023-02-03,28.0,18.8,23.4,MORON AERO
770,2023-02-03,28.5,19.0,23.75,EL PALOMAR AERO
405,2023-02-03,27.2,18.8,23.0,BUENOS AIRES OBSERVATORIO
40,2023-02-03,26.6,19.2,22.9,AEROPARQUE AERO
1499,2023-02-04,30.8,15.6,23.2,NUEVE DE JULIO
1134,2023-02-04,28.5,15.5,22.0,MORON AERO
769,2023-02-04,29.3,16.0,22.65,EL PALOMAR AERO
404,2023-02-04,29.8,17.8,23.8,BUENOS AIRES OBSERVATORIO
39,2023-02-04,29.8,18.8,24.3,AEROPARQUE AERO
1498,2023-02-05,32.0,17.6,24.8,NUEVE DE JULIO
1133,2023-02-05,31.6,16.3,23.950000000000003,MORON AERO
768,2023-02-05,32.0,13.3,22.65,EL PALOMAR AERO
403,2023-02-05,32.0,17.5,24.75,BUENOS AIRES OBSERVATORIO
38,2023-02-05,29.1,19.2,24.15,AEROPARQUE AERO
1497,2023-02-06,34.5,17.3,25.9,NUEVE DE JULIO
1132,2023-02-06,34.6,20.9,27.75,MORON AERO
767,2023-02-06,33.5,16.2,24.85,EL PALOMAR AERO
402,2023-02-06,33.3,22.0,27.65,BUENOS AIRES OBSERVATORIO
37,2023-02-06,31.6,22.3,26.950000000000003,AEROPARQUE AERO
1496,2023-02-07,36.0,19.0,27.5,NUEVE DE JULIO
1131,2023-02-07,36.7,24.3,30.5,MORON AERO
766,2023-02-07,36.3,23.0,29.65,EL PALOMAR AERO
401,2023-02-07,35.3,24.0,29.65,BUENOS AIRES OBSERVATORIO
36,2023-02-07,32.1,23.8,27.950000000000003,AEROPARQUE AERO
1495,2023-02-08,33.3,22.3,27.8,NUEVE DE JULIO
1130,2023-02-08,33.0,24.0,28.5,MORON AERO
765,2023-02-08,33.5,22.5,28.0,EL PALOMAR AERO
400,2023-02-08,32.7,25.8,29.25,BUENOS AIRES OBSERVATORIO
35,2023-02-08,31.3,25.2,28.25,AEROPARQUE AERO
1494,2023-02-09,36.5,19.5,28.0,NUEVE DE JULIO
1129,2023-02-09,36.0,19.4,27.7,MORON AERO
764,2023-02-09,35.3,18.0,26.65,EL PALOMAR AERO
399,2023-02-09,34.2,21.7,27.950000000000003,BUENOS AIRES OBSERVATORIO
34,2023-02-09,32.1,22.8,27.450000000000003,AEROPARQUE AERO
1493,2023-02-10,37.1,20.3,28.700000000000003,NUEVE DE JULIO
1128,2023-02-10,37.5,24.1,30.8,MORON AERO
763,2023-02-10,37.5,19.4,28.45,EL PALOMAR AERO
398,2023-02-10,36.4,24.4,30.4,BUENOS AIRES OBSERVATORIO
33,2023-02-10,34.1,25.2,29.65,AEROPARQUE AERO
1492,2023-02-11,38.5,21.3,29.9,NUEVE DE JULIO
1127,2023-02-11,38.8,25.1,31.95,MORON AERO
762,2023-02-11,38.5,21.0,29.75,EL PALOMAR AERO
397,2023-02-11,37.8,25.5,31.65,BUENOS AIRES OBSERVATORIO
32,2023-02-11,36.6,27.0,31.8,AEROPARQUE AERO
1491,2023-02-12,38.8,21.7,30.25,NUEVE DE JULIO
1126,2023-02-12,40.0,29.0,34.5,MORON AERO
761,2023-02-12,39.5,28.5,34.0,EL PALOMAR AERO
396,2023-02-12,38.1,28.5,33.3,BUENOS AIRES OBSERVATORIO
31,2023-02-12,36.5,27.9,32.2,AEROPARQUE AERO
1490,2023-02-13,32.6,18.7,25.65,NUEVE DE JULIO
1125,2023-02-13,36.5,22.4,29.45,MORON AERO
760,2023-02-13,34.0,22.4,28.2,EL PALOMAR AERO
395,2023-02-13,34.5,23.4,28.95,BUENOS AIRES OBSERVATORIO
30,2023-02-13,32.2,23.1,27.65,AEROPARQUE AERO
1489,2023-02-14,30.4,15.8,23.1,NUEVE DE JULIO
1124,2023-02-14,33.6,20.5,27.05,MORON AERO
759,2023-02-14,33.0,17.2,25.1,EL PALOMAR AERO
394,2023-02-14,34.0,21.5,27.75,BUENOS AIRES OBSERVATORIO
29,2023-02-14,33.8,22.8,28.3,AEROPARQUE AERO
1488,2023-02-15,33.4,12.5,22.95,NUEVE DE JULIO
1123,2023-02-15,33.0,18.4,25.7,MORON AERO
758,2023-02-15,32.5,17.7,25.1,EL PALOMAR AERO
393,2023-02-15,30.1,20.0,25.05,BUENOS AIRES OBSERVATORIO
28,2023-02-15,28.8,20.8,24.8,AEROPARQUE AERO
1487,2023-02-16,26.2,13.3,19.75,NUEVE DE JULIO
1122,2023-02-16,27.7,13.1,20.4,MORON AERO
757,2023-02-16,27.0,14.0,20.5,EL PALOMAR AERO
392,2023-02-16,27.3,14.0,20.65,BUENOS AIRES OBSERVATORIO
27,2023-02-16,27.8,14.0,20.9,AEROPARQUE AERO
1486,2023-02-17,18.4,5.8,12.1,NUEVE DE JULIO
1121,2023-02-17,16.4,6.9,11.65,MORON AERO
756,2023-02-17,17.0,7.5,12.25,EL PALOMAR AERO
391,2023-02-17,17.1,7.9,12.5,BUENOS AIRES OBSERVATORIO
26,2023-02-17,15.9,8.3,12.1,AEROPARQUE AERO
1485,2023-02-18,25.0,3.9,14.45,NUEVE DE JULIO
1120,2023-02-18,23.0,6.7,14.85,MORON AERO
755,2023-02-18,23.2,6.8,15.0,EL PALOMAR AERO
390,2023-02-18,23.3,8.8,16.05,BUENOS AIRES OBSERVATORIO
25,2023-02-18,23.7,9.4,16.55,AEROPARQUE AERO
1484,2023-02-19,28.2,6.3,17.25,NUEVE DE JULIO
1119,2023-02-19,26.3,12.4,19.35,MORON AERO
754,2023-02-19,26.5,12.3,19.4,EL PALOMAR AERO
389,2023-02-19,26.8,14.7,20.75,BUENOS AIRES OBSERVATORIO
24,2023-02-19,25.6,15.8,20.700000000000003,AEROPARQUE AERO
1483,2023-02-20,31.1,10.5,20.8,NUEVE DE JULIO
1118,2023-02-20,29.0,13.1,21.05,MORON AERO
753,2023-02-20,29.6,10.0,19.8,EL PALOMAR AERO
388,2023-02-20,29.0,15.8,22.4,BUENOS AIRES OBSERVATORIO
23,2023-02-20,27.6,18.3,22.950000000000003,AEROPARQUE AERO
1482,2023-02-21,33.6,13.6,23.6,NUEVE DE JULIO
1117,2023-02-21,30.5,19.9,25.2,MORON AERO
752,2023-02-21,31.1,18.9,25.0,EL PALOMAR AERO
387,2023-02-21,30.6,20.4,25.5,BUENOS AIRES OBSERVATORIO
22,2023-02-21,29.5,20.4,24.95,AEROPARQUE AERO
1481,2023-02-22,35.5,16.3,25.9,NUEVE DE JULIO
1116,2023-02-22,33.6,21.0,27.3,MORON AERO
751,2023-02-22,33.2,18.0,25.6,EL PALOMAR AERO
386,2023-02-22,33.2,21.2,27.200000000000003,BUENOS AIRES OBSERVATORIO
21,2023-02-22,32.6,21.4,27.0,AEROPARQUE AERO
1480,2023-02-23,33.7,14.9,24.3,NUEVE DE JULIO
1115,2023-02-23,30.6,19.5,25.05,MORON AERO
750,2023-02-23,31.5,17.3,24.4,EL PALOMAR AERO
385,2023-02-23,31.0,21.3,26.15,BUENOS AIRES OBSERVATORIO
20,2023-02-23,31.7,22.4,27.05,AEROPARQUE AERO
1479,2023-02-24,34.5,18.1,26.3,NUEVE DE JULIO
1114,2023-02-24,33.3,19.1,26.2,MORON AERO
749,2023-02-24,33.1,17.5,25.3,EL PALOMAR AERO
384,2023-02-24,32.7,20.8,26.75,BUENOS AIRES OBSERVATORIO
19,2023-02-24,29.6,22.3,25.950000000000003,AEROPARQUE AERO
1478,2023-02-25,36.0,15.6,25.8,NUEVE DE JULIO
1113,2023-02-25,34.6,17.9,26.25,MORON AERO
748,2023-02-25,34.4,17.7,26.05,EL PALOMAR AERO
383,2023-02-25,33.2,21.3,27.25,BUENOS AIRES OBSERVATORIO
18,2023-02-25,30.1,20.8,25.450000000000003,AEROPARQUE AERO
1477,2023-02-26,30.0,12.9,21.45,NUEVE DE JULIO
1112,2023-02-26,29.8,16.4,23.1,MORON AERO
747,2023-02-26,28.5,16.6,22.55,EL PALOMAR AERO
382,2023-02-26,28.0,17.9,22.95,BUENOS AIRES OBSERVATORIO
17,2023-02-26,26.2,18.0,22.1,AEROPARQUE AERO
1476,2023-02-27,33.0,12.9,22.95,NUEVE DE JULIO
1111,2023-02-27,31.4,19.4,25.4,MORON AERO
746,2023-02-27,32.0,18.0,25.0,EL PALOMAR AERO
381,2023-02-27,31.0,20.5,25.75,BUENOS AIRES OBSERVATORIO
16,2023-02-27,28.1,20.5,24.3,AEROPARQUE AERO
1475,2023-02-28,38.5,17.8,28.15,NUEVE DE JULIO
1110,2023-02-28,36.8,21.7,29.25,MORON AERO
745,2023-02-28,37.0,20.2,28.6,EL PALOMAR AERO
380,2023-02-28,36.4,22.4,29.4,BUENOS AIRES OBSERVATORIO
15,2023-02-28,32.6,22.5,27.55,AEROPARQUE AERO
1474,2023-03-01,37.9,20.7,29.3,NUEVE DE JULIO
1109,2023-03-01,37.8,24.3,31.05,MORON AERO
744,2023-03-01,37.9,23.0,30.45,EL PALOMAR AERO
379,2023-03-01,37.6,25.5,31.55,BUENOS AIRES OBSERVATORIO
14,2023-03-01,34.1,23.5,28.8,AEROPARQUE AERO
1473,2023-03-02,40.0,21.4,30.7,NUEVE DE JULIO
1108,2023-03-02,38.9,24.1,31.5,MORON AERO
743,2023-03-02,39.5,23.0,31.25,EL PALOMAR AERO
378,2023-03-02,38.0,25.1,31.55,BUENOS AIRES OBSERVATORIO
13,2023-03-02,34.3,23.5,28.9,AEROPARQUE AERO
1472,2023-03-03,38.3,18.6,28.45,NUEVE DE JULIO
1107,2023-03-03,36.0,24.4,30.2,MORON AERO
742,2023-03-03,36.0,22.5,29.25,EL PALOMAR AERO
377,2023-03-03,35.4,25.4,30.4,BUENOS AIRES OBSERVATORIO
12,2023-03-03,32.1,23.9,28.0,AEROPARQUE AERO
1471,2023-03-04,32.5,22.3,27.4,NUEVE DE JULIO
1106,2023-03-04,34.8,24.4,29.6,MORON AERO
741,2023-03-04,34.9,23.3,29.1,EL PALOMAR AERO
376,2023-03-04,36.3,24.6,30.45,BUENOS AIRES OBSERVATORIO
11,2023-03-04,34.7,23.6,29.15,AEROPARQUE AERO
1470,2023-03-05,38.1,17.9,28.0,NUEVE DE JULIO
1105,2023-03-05,35.0,22.4,28.7,MORON AERO
740,2023-03-05,33.5,23.2,28.35,EL PALOMAR AERO
375,2023-03-05,32.8,23.5,28.15,BUENOS AIRES OBSERVATORIO
10,2023-03-05,29.7,23.1,26.4,AEROPARQUE AERO
1469,2023-03-06,37.9,21.6,29.75,NUEVE DE JULIO
1104,2023-03-06,34.4,25.5,29.95,MORON AERO
739,2023-03-06,38.3,24.6,31.45,EL PALOMAR AERO
374,2023-03-06,33.6,25.4,29.5,BUENOS AIRES OBSERVATORIO
9,2023-03-06,32.1,25.1,28.6,AEROPARQUE AERO
1468,2023-03-07,33.6,20.5,27.05,NUEVE DE JULIO
1103,2023-03-07,33.7,21.8,27.75,MORON AERO
738,2023-03-07,33.8,21.4,27.6,EL PALOMAR AERO
373,2023-03-07,33.0,21.8,27.4,BUENOS AIRES OBSERVATORIO
8,2023-03-07,30.6,22.2,26.4,AEROPARQUE AERO
1467,2023-03-08,32.6,15.8,24.200000000000003,NUEVE DE JULIO
1102,2023-03-08,34.2,22.9,28.55,MORON AERO
737,2023-03-08,34.4,20.2,27.3,EL PALOMAR AERO
372,2023-03-08,33.7,23.7,28.700000000000003,BUENOS AIRES OBSERVATORIO
7,2023-03-08,30.5,24.8,27.65,AEROPARQUE AERO
1466,2023-03-09,36.0,16.9,26.45,NUEVE DE JULIO
1101,2023-03-09,33.5,23.2,28.35,MORON AERO
736,2023-03-09,33.5,20.1,26.8,EL PALOMAR AERO
371,2023-03-09,33.3,23.8,28.55,BUENOS AIRES OBSERVATORIO
6,2023-03-09,31.6,24.1,27.85,AEROPARQUE AERO
1465,2023-03-10,35.7,19.2,27.450000000000003,NUEVE DE JULIO
1100,2023-03-10,38.7,25.9,32.3,MORON AERO
735,2023-03-10,38.6,25.7,32.15,EL PALOMAR AERO
370,2023-03-10,36.8,26.0,31.4,BUENOS AIRES OBSERVATORIO
5,2023-03-10,33.1,25.1,29.1,AEROPARQUE AERO
1464,2023-03-11,39.4,19.9,29.65,NUEVE DE JULIO
1099,2023-03-11,40.0,26.0,33.0,MORON AERO
734,2023-03-11,39.5,23.2,31.35,EL PALOMAR AERO
369,2023-03-11,38.9,25.5,32.2,BUENOS AIRES OBSERVATORIO
4,2023-03-11,35.6,26.5,31.05,AEROPARQUE AERO
1463,2023-03-12,39.6,23.6,31.6,NUEVE DE JULIO
1098,2023-03-12,37.6,27.8,32.7,MORON AERO
733,2023-03-12,37.0,26.5,31.75,EL PALOMAR AERO
368,2023-03-12,36.5,28.0,32.25,BUENOS AIRES OBSERVATORIO
3,2023-03-12,34.6,27.8,31.200000000000003,AEROPARQUE AERO
1462,2023-03-13,38.1,22.1,30.1,NUEVE DE JULIO
1097,2023-03-13,35.8,27.1,31.45,MORON AERO
732,2023-03-13,35.5,26.6,31.05,EL PALOMAR AERO
367,2023-03-13,35.0,27.0,31.0,BUENOS AIRES OBSERVATORIO
2,2023-03-13,31.8,26.4,29.1,AEROPARQUE AERO
1461,2023-03-14,31.8,22.9,27.35,NUEVE DE JULIO
1096,2023-03-14,37.0,26.8,31.9,MORON AERO
731,2023-03-14,37.0,26.9,31.95,EL PALOMAR AERO
366,2023-03-14,37.0,27.6,32.3,BUENOS AIRES OBSERVATORIO
1,2023-03-14,35.1,27.4,31.25,AEROPARQUE AERO
1460,2023-03-15,32.6,21.8,27.200000000000003,NUEVE DE JULIO
1095,2023-03-15,31.4,25.9,28.65,MORON AERO
730,2023-03-15,30.8,24.2,27.5,EL PALOMAR AERO
365,2023-03-15,30.6,26.6,28.6,BUENOS AIRES OBSERVATORIO
0,2023-03-15,30.6,24.5,27.55,AEROPARQUE AERO
